construct,IC50,Activity,mutations_111-122,native
Rat,-4.105643,8.6037,2,YES
Rat,-4.663085,14.0468,2,YES
Rat,-4.492031,9.1399,2,YES
Chinchilla,-4.99977,7.3506,1,YES
Chinchilla,-5.411961,5.6097,1,YES
Chinchilla,-5.182989,6.4318,1,YES
Xenodon,-4.204145,5.842,2,YES
Xenodon,-3.838052,7.2938,2,YES
Xenodon,-4.124069,5.2543,2,YES
Rhabdophis,-3.999334,3.3877,1,YES
Rhabdophis,-3.983373,2.0842,1,YES
Rhabdophis,-4.327537,3.3778,1,YES
Varanus,-5.025054,3.306,1,YES
Varanus,-5.242694,3.0185,1,YES
Varanus,-5.573155,5.4631,1,YES
Tupinambis,-5.366053,4.6732,1,YES
Tupinambis,-5.556938,5.6935,1,YES
Tupinambis,-4.900444,5.0024,1,YES
Ostrich,-5.591533,16.3242,0,YES
Ostrich,-5.468697,18.9825,0,YES
Ostrich,-5.635034,19.1529,0,YES
Sandgrouse,-4.673589,18.1741,1,YES
Sandgrouse,-4.681114,14.0565,1,YES
Sandgrouse,-4.683562,14.8374,1,YES
Rat+R111E,-5.157799,3.4432,2,NO
Rat+R111E,-6.354303,5.5375,2,NO
Rat+R111E,-6.61521,6.4005,2,NO
Rat+D122H,-4.507223,7.5526,2,NO
Rat+D122H,-4.407903,8.6193,2,NO
Rat+D122H,-4.149604,9.0034,2,NO
Chinchilla+N122D,-2.287667,3.0929,2,NO
Chinchilla+N122D,-1.861948,4.1363,2,NO
Chinchilla+N122D,-2.848349,3.5028,2,NO
Xenodon+H122D,-5.721714,2.6085,2,NO
Xenodon+H122D,-5.597581,16.3242,2,NO
Xenodon+H122D,-5.468697,18.9825,2,NO
Xenodon+H111T,-5.555068,19.1529,2,NO
Xenodon+H111T,-4.86528,16.5287,2,NO
Xenodon+H111T,-5.070216,4.4623,2,NO
Xenodon+H111E,-5.067756,5.4324,2,NO
Xenodon+H111E,-5.603145,6.0144,2,NO
Xenodon+H111E,-5.101111,5.6264,2,NO
Rhabdophis+E111H,-6.769177,4.0982,1,NO
Rhabdophis+E111H,-6.883503,5.2572,1,NO
Rhabdophis+E111H,-6.809749,4.2637,1,NO
Varanus+T111H,-4.739097,6.2507,1,NO
Varanus+T111H,-5.223562,2.3164,1,NO
Varanus+T111H,-4.588239,2.8041,1,NO
Varanus+N122H,NA,-1.7475,2,NO
Varanus+N122H,NA,0.894,2,NO
Varanus+N122H,NA,2.0798,2,NO
Tupinambis+Q111T,NA,0.9787,2,NO
Tupinambis+Q111T,NA,1.5497,2,NO
Tupinambis+Q111T,NA,1.4681,2,NO
Tupinambis+H122D,NA,0.5086,1,NO
Tupinambis+H122D,NA,1.9921,1,NO
Tupinambis+H122D,NA,2.5855,1,NO
Ostrich+Q111R,-4.704008,20.5147,1,NO
Ostrich+Q111R,-4.240218,18.4742,1,NO
Ostrich+Q111R,-4.272666,20.1649,1,NO
Sandgruse+R111Q,-4.734997,21.4831,0,NO
Sandgruse+R111Q,-4.8217,15.5554,0,NO
Sandgruse+R111Q,-4.535931,15.078,0,NO
Leptodactylus_S,-5.450515,13.24,0,YES
Leptodactylus_S,-5.306754,13.77,0,YES
Leptodactylus_S,-5.237853,12.56,0,YES
Leptodactylus_S,-5.072311,16.12,0,YES
Leptodactylus_S,-6.484647,25.79,0,YES
Leptodactylus_S,-6.24993,13.73,0,YES
Leptodactylus_S +Q111R,-4.85667,14.11,1,NO
Leptodactylus_S +Q111R,-5.097362,6.59,1,NO
Leptodactylus_S +Q111R,-5.619431,6.99,1,NO
Leptodactylus_S +Q111R,-5.619431,13,1,NO
Leptodactylus_S +Q111R,-4.837069,12.71,1,NO
Leptodactylus_S +Q111R,-3.305405,6.14,1,NO
Leptodactylus_S +N122D,-5.605428,12.09,1,NO
Leptodactylus_S +N122D,-5.757302,10.72,1,NO
Leptodactylus_S +N122D,-3.943393,3.65,1,NO
Leptodactylus_S +N122D,-5.267529,4.23,1,NO
Leptodactylus_S +N122D,-5.057029,5.11,1,NO
Leptodactylus_S +N122D,-4.729275,9.23,1,NO
Leptodactylus_S+Q111R+N122D,-3.40973,14.05,2,NO
Leptodactylus_S+Q111R+N122D,-3.383158,9.24,2,NO
Leptodactylus_S+Q111R+N122D,-4.057549,6.02,2,NO
Leptodactylus_S+Q111R+N122D,-3.606925,9.56,2,NO
Leptodactylus_S+Q111R+N122D,-3.39477,2.58,2,NO
Leptodactylus_S+Q111R+N122D,-3.85862,9.4,2,NO
Leptodatylus_R,-2.758301,10.55,2,YES
Leptodatylus_R,-3.253998,12.46,2,YES
Leptodatylus_R,-2.255082,15.79,2,YES
Leptodatylus_R,-3.706205,18.49,2,YES
Leptodatylus_R,-3.035817,13.17,2,YES
Leptodatylus_R,-4.469499,13.65,2,YES
Pig,-5.612340548,NA,0,YES