lungfish|Protopterus_annectens_A1,Y,G,I,Q,A,A,T,-,E,D,E,P,V,N,D,N
lungfish|Protopterus_annectens_A3,Y,G,I,Q,A,G,M,-,E,D,D,P,S,N,D,N
lungfish|Protopterus_annectens_A2,Y,G,I,Q,V,A,T,-,G,D,E,P,V,N,D,N
caecilian|Geotrypetes_seraphini_A3,Y,G,I,Q,V,G,M,-,E,D,D,P,A,G,D,N
caecilian|Microcaecilia_unicolor_A3,Y,G,I,Q,A,G,M,-,E,D,D,P,A,G,D,N
frog|Bufotes_viridis_A3,Y,G,I,R,K,A,S,-,D,L,E,P,D,N,D,N
frog|Ceratophrys_calcarata_A3,Y,G,I,L,A,G,T,-,E,D,D,P,S,R,D,N
frog|Ceratophrys_cranwelli_A3,Y,G,I,L,A,G,T,-,E,D,D,P,S,R,D,N
frog|Ceratophrys_ornatus_A3,Y,G,I,L,A,G,T,-,E,D,D,P,S,R,D,N
frog|Dendrobates_auratus_A3,Y,G,I,Q,A,G,T,-,E,D,D,P,T,G,D,N
frog|Duttaphrynus_melanostictus_A3,Y,G,I,L,A,G,T,-,E,D,E,P,S,R,D,N
frog|Engystomops_pustulosus_A3,Y,G,I,Q,A,G,T,-,E,D,D,P,A,G,D,N
frog|Fejervarya_limnocharis_A3,Y,G,I,Q,A,G,T,-,E,D,D,P,A,G,D,N
frog|Hoplobatrachus_rugulosus_A3,Y,G,I,L,A,G,T,-,E,E,D,P,A,G,D,N
frog|Hyla_arborea_A3,Y,G,I,Q,A,G,T,-,E,D,D,P,A,N,D,N
frog|Lepidobatrachus_laevis_A3,Y,G,I,V,A,G,T,-,E,D,N,P,S,N,D,N
frog|Leptobrachium_boringii_A3,Y,G,I,Q,A,G,T,-,E,D,D,P,A,G,D,N
frog|Leptodactylus_macrosternum_A3,Y,G,I,Q,A,G,T,-,E,D,D,P,A,G,D,N
frog|Limnodynastes_peronii_A3,Y,G,I,Q,A,G,T,-,E,D,D,P,A,N,D,N
frog|Megophrys_nasuta_A3,Y,G,I,Q,A,G,T,-,E,D,D,P,A,G,D,N
frog|Melanophryniscus_stelzneri_A3,Y,G,I,Q,A,G,T,-,E,D,N,P,A,G,D,N
frog|Nanorana_parkeri_A3,Y,G,I,Q,A,G,T,-,E,D,D,P,A,N,D,N
frog|Odorrana_margaretae_A3,Y,G,I,Q,A,G,M,-,E,D,D,P,A,N,D,N
frog|Odorrana_tormota_A3,Y,G,I,Q,A,G,M,-,E,D,D,P,A,N,D,N
frog|Oreolalax_rhodostigmatus_A3,Y,G,I,Q,A,G,T,-,E,D,D,P,A,G,D,N
frog|Pelobates_fuscus_A3,Y,G,I,Q,A,G,T,-,E,D,D,P,A,G,D,N
frog|Pelophylax_lessonae_A3,Y,G,I,Q,A,G,T,-,E,D,D,P,A,N,D,N
frog|Rana_catesbeiana_A3,Y,G,I,L,A,G,T,-,E,D,D,P,S,N,D,N
frog|Rana_sphenocephala_A3,Y,G,I,L,A,G,T,-,E,D,D,P,S,N,D,N
frog|Rana_temporaria_A3,Y,G,I,Q,A,G,T,-,E,D,D,P,S,N,D,N
frog|Ranitomeya_imitator_A3,Y,G,I,Q,A,G,T,-,E,D,D,P,S,G,D,N
frog|Rhinatrema_bivittatum_A3,Y,G,I,Q,A,G,M,-,E,D,D,P,A,G,D,N
frog|Rhinella_marina_A3,Y,G,I,L,A,G,T,-,E,D,E,P,S,R,D,N
frog|Xenopus_laevis_A3,Y,S,I,Q,K,G,V,-,E,D,D,P,A,G,D,N
frog|Xenopus_tropicalis_A3,Y,G,I,L,A,S,M,-,E,E,E,P,S,G,D,N
bird|Camarhynchus_parvulus_A3,Y,G,I,Q,A,G,T,-,E,D,E,P,S,N,D,N
bird|Catharus_ustulatus_A3,Y,G,I,Q,A,G,T,-,E,D,E,P,S,N,D,N
bird|Corvus_moneduloides_A3,Y,G,I,Q,A,G,T,-,E,D,E,P,S,N,D,N
bird|Gallus_gallus_A3,Y,G,I,Q,A,G,T,-,E,D,E,P,S,N,D,N
bird|Melopsittacus_undulatus_A3,Y,G,I,Q,A,G,T,-,E,D,E,P,S,N,D,N
bird|Taenipygia_guttata_A3,Y,G,I,Q,A,G,T,-,E,D,E,P,S,N,D,N
mammal|Ailuropoda_melanoleuca_A3,Y,G,I,Q,A,G,T,-,E,D,D,P,S,G,D,N
mammal|Bos_mutus_A3,Y,G,I,Q,A,G,T,-,E,D,D,P,S,G,D,N
mammal|Bos_taurus_A3,Y,G,I,Q,A,G,T,-,E,D,D,P,S,G,D,N
mammal|Bubalus_bubalis_A3,Y,G,I,Q,A,G,T,-,E,D,D,P,S,G,D,N
mammal|Callithrix_jacchus_A3,Y,G,I,Q,A,G,T,-,E,D,D,P,S,G,D,N
mammal|Camelus_dromedarius_A3,Y,G,I,Q,A,G,T,-,E,D,D,P,S,G,D,N
mammal|Camelus_ferus_A3,Y,G,I,Q,A,G,T,-,E,D,D,P,S,G,D,N
mammal|Canis_lupus_dingo_A3,Y,G,I,Q,A,G,T,-,E,D,D,P,S,G,D,N
mammal|Canis_lupus_familiaris_A3,Y,G,I,Q,A,G,T,-,E,D,D,P,S,G,D,N
mammal|Capra_hircus_A3,Y,G,I,Q,A,G,T,-,E,D,D,P,S,G,D,N
mammal|Carlito_syrichta_A3,Y,G,I,Q,A,G,T,-,E,D,D,P,S,G,D,N
mammal|Castor_canadensis_A3,Y,G,I,Q,A,G,T,-,E,D,D,P,S,G,D,N
mammal|Cavia_porcellus_A3,Y,G,I,Q,A,G,T,-,E,D,D,P,S,G,D,N
mammal|Cebus_capucinus_imitator_A3,Y,G,I,Q,A,G,T,-,E,D,D,P,S,G,D,N
mammal|Ceratotherium_simum_simum_A3,Y,G,I,Q,A,G,T,-,E,D,D,P,S,G,D,N
mammal|Cercocebus_atys_A3,Y,G,I,Q,A,G,T,-,E,D,D,P,S,G,D,N
mammal|Chinchilla_lanigera_A3,Y,G,I,Q,A,G,T,-,E,D,D,P,S,G,D,N
mammal|Chlorocebus_sabaeus_A3,Y,G,I,Q,A,G,T,-,E,D,D,P,S,G,D,N
mammal|Chrysochloris_asiatica_A3,Y,G,I,Q,A,G,T,-,E,D,D,P,A,G,D,N
mammal|Colobus_angolensis_palliatus_A3,Y,G,I,Q,A,G,T,-,E,D,D,P,S,G,D,N
mammal|Condylura_cristata_A3,Y,G,I,Q,A,G,T,-,E,D,D,P,S,G,D,N
mammal|Delphinapterus_leucas_A3,Y,G,I,Q,A,G,T,-,E,D,D,P,S,G,D,N
mammal|Dipodomys_ordii_A3,Y,G,I,Q,A,G,T,-,E,D,D,P,S,G,D,N
mammal|Elephantulus_edwardii_A3,Y,G,I,Q,A,G,T,-,E,D,D,P,A,G,D,N
mammal|Enhydra_lutris_kenyoni_A3,Y,G,I,Q,A,G,T,-,E,D,D,P,S,G,D,N
mammal|Eptesicus_fuscus_A3,Y,G,I,Q,A,G,T,-,E,D,D,P,S,G,D,N
mammal|Equus_asinus_A3,Y,G,I,Q,A,G,T,-,E,D,D,P,S,G,D,N
mammal|Equus_caballus_A3,Y,G,I,Q,A,G,T,-,E,D,D,P,S,G,D,N
mammal|Erinaceus_europaeus_A3,Y,G,I,Q,A,G,T,-,E,D,D,P,S,G,D,N
mammal|Felis_catus_A3,Y,G,I,Q,A,G,T,-,E,D,D,P,S,G,D,N
mammal|Fukomys_damarensis_A3,Y,G,I,Q,A,G,T,-,E,D,D,P,S,R,D,N
mammal|Gorilla_gorilla_gorilla_A3,Y,G,I,Q,A,G,T,-,E,D,D,P,S,G,D,N
mammal|Grammomys_surdaster_A3,Y,G,I,Q,A,G,T,-,E,D,D,P,S,R,D,N
mammal|Heterocephalus_glaber_A3,Y,G,I,Q,A,G,T,-,E,D,D,P,S,R,D,N
mammal|Hipposideros_armiger_A3,Y,G,I,Q,A,G,T,-,E,D,D,P,S,G,D,N
mammal|Homo_sapiens_A3,Y,G,I,Q,A,G,T,-,E,D,D,P,S,G,D,N
mammal|Ictidomys_tridecemlineatus_A3,Y,G,I,Q,A,G,T,-,E,D,D,P,S,G,D,N
mammal|Leptonychotes_weddellii_A3,Y,G,I,Q,A,G,T,-,E,D,D,P,S,G,D,N
mammal|Lipotes_vexillifer_A3,Y,G,I,Q,A,G,T,-,E,D,D,P,S,G,D,N
mammal|Macaca_fascicularis_A3,Y,G,I,Q,A,G,T,-,E,D,D,P,S,G,D,N
mammal|Macaca_mulatta_A3,Y,G,I,Q,A,G,T,-,E,D,D,P,S,G,D,N
mammal|Marmota_marmota_marmota_A3,Y,G,I,Q,A,G,T,-,E,D,D,P,S,G,D,N
mammal|Microcebus_murinus_A3,Y,G,I,Q,A,G,T,-,E,D,D,P,S,G,D,N
mammal|Microtus_ochrogaster_A3,Y,G,I,Q,A,G,T,-,E,D,D,P,S,G,D,N
mammal|Miniopterus_natalensis_A3,Y,G,I,Q,A,G,T,-,E,D,D,P,S,G,D,N
mammal|Mus_caroli_A3,Y,G,I,Q,A,G,T,-,E,D,D,P,S,G,D,N
mammal|Mus_musculus_A3,Y,G,I,Q,A,G,T,-,E,D,D,P,S,G,D,N
mammal|Mus_pahari_A3,Y,G,I,Q,A,G,T,-,E,D,D,P,S,G,D,N
mammal|Mustela_erminea_A3,Y,G,I,Q,A,G,T,-,E,D,D,P,S,G,D,N
mammal|Mustela_putorius_furo_A3,Y,G,I,Q,A,G,T,-,E,D,D,P,S,G,D,N
mammal|Myotis_brandtii_A3,Y,G,I,Q,A,G,T,-,E,D,D,P,S,G,D,N
mammal|Myotis_davidii_A3,Y,G,I,Q,A,G,T,-,E,D,D,P,S,G,D,N
mammal|Myotis_lucifugus_A3,Y,G,I,Q,A,G,T,-,E,D,D,P,S,G,D,N
mammal|Nannospalax_galili_A3,Y,G,I,Q,A,G,T,-,E,D,D,P,S,G,D,N
mammal|Ochotona_princeps_A3,Y,G,I,Q,A,G,T,-,E,D,D,P,S,G,D,N
mammal|Octodon_degus_A3,Y,G,I,Q,A,G,T,-,E,D,D,P,S,G,D,N
mammal|Odobenus_rosmarus_divergens_A3,Y,G,I,Q,A,G,T,-,E,D,D,P,S,G,D,N
mammal|Orcinus_orca_A3,Y,G,I,Q,A,G,T,-,E,D,D,P,S,G,D,N
mammal|Orycteropus_afer_afer_A3,Y,G,I,Q,A,G,T,-,E,D,D,P,A,G,D,N
mammal|Otolemur_garnettii_A3,Y,G,I,Q,A,G,T,-,E,D,D,P,S,G,D,N
mammal|Pan_troglodytes_A3,Y,G,I,Q,A,G,T,-,E,D,D,P,S,G,D,N
mammal|Panthera_pardus_A3,Y,G,I,Q,A,G,T,-,E,D,D,P,S,G,D,N
mammal|Peromyscus_maniculatus_bairdii_A3,Y,G,I,Q,A,G,T,-,E,D,D,P,S,G,D,N
mammal|Phascolarctos_cinereus_A3,Y,G,I,Q,A,G,T,-,E,D,D,P,A,G,D,N
mammal|Physeter_catodon_A3,Y,G,I,Q,A,G,T,-,E,D,D,P,S,G,D,N
mammal|Pongo_abelii_A3,Y,G,I,Q,A,G,T,-,E,D,D,P,S,G,D,N
mammal|Propithecus_coquereli_A3,Y,G,I,Q,A,G,T,-,E,D,D,P,S,G,D,N
mammal|Pteropus_alecto_A3,Y,G,I,Q,A,G,T,-,E,D,D,P,S,G,D,N
mammal|Pteropus_vampyrus_A3,Y,G,I,Q,A,G,T,-,E,D,D,P,S,G,D,N
mammal|Rattus_norvegicus_A3,Y,G,I,Q,A,G,T,-,E,D,D,P,S,G,D,N
mammal|Rhinopithecus_bieti_A3,Y,G,I,Q,A,G,T,-,E,D,D,P,S,G,D,N
mammal|Rhinopithecus_roxellana_A3,Y,G,I,Q,A,G,T,-,E,D,D,P,S,G,D,N
mammal|Sorex_araneus_A3,Y,G,I,Q,A,G,T,-,E,D,D,P,S,G,D,N
mammal|Sus_scrofa_A3,Y,G,I,Q,A,G,T,-,E,D,D,P,S,G,D,N
mammal|Theropithecus_gelada_A3,Y,G,I,Q,A,G,T,-,E,D,D,P,S,G,D,N
mammal|Trichechus_manatus_latirostris_A3,Y,G,I,Q,A,G,T,-,E,D,D,P,S,R,D,N
mammal|Tupaia_chinensis_A3,Y,G,I,Q,A,G,T,-,E,D,D,P,S,G,D,N
mammal|Vicugna_pacos_A3,Y,G,I,Q,A,G,T,-,E,D,D,P,S,G,D,N
mammal|Vulpes_vulpes_A3,Y,G,I,Q,A,G,T,-,E,D,D,P,S,G,D,N
mammal|Acionyx_jubatus_A3,Y,G,I,Q,A,G,T,-,E,D,D,P,S,G,D,N
mammal|Artibeus_jamaicensis_A3,Y,G,I,Q,A,G,T,-,E,D,D,P,S,R,D,N
mammal|Arvicanthis_niloticus_A3,Y,G,I,Q,A,G,T,-,E,D,D,P,S,G,D,N
mammal|Bison_bison_A3,Y,G,I,Q,A,G,T,-,E,D,D,P,S,G,D,N
mammal|Bos_indicus_A3,Y,G,I,Q,A,G,T,-,E,D,D,P,S,G,D,N
mammal|Camelus_bactrianus_A3,Y,G,I,Q,A,G,T,-,E,D,D,P,S,G,D,N
mammal|Choloepus_didactylus_A3,Y,G,I,Q,A,G,T,-,E,D,D,P,A,G,D,N
mammal|Crocuta_crocuta_A3,Y,G,I,Q,A,G,T,-,E,D,D,P,S,G,D,N
mammal|Desmodus_rotundus_A3,Y,G,I,Q,A,G,T,-,E,D,D,P,S,G,D,N
mammal|Globicephala_melas_A3,Y,G,I,Q,A,G,T,-,E,D,D,P,S,G,D,N
mammal|Hyaena_hyaena_A3,Y,G,I,Q,A,G,T,-,E,D,D,P,S,G,D,N
mammal|Lontra_canadensis_A3,Y,G,I,Q,A,G,T,-,E,D,D,P,S,G,D,N
mammal|Lynx_canadensis_A3,Y,G,I,Q,A,G,T,-,E,D,D,P,S,G,D,N
mammal|Manis_javanica_A3,Y,G,I,Q,A,G,T,-,E,D,D,P,S,G,D,N
mammal|Manis_pentadactyla_A3,Y,G,I,Q,A,G,T,-,E,D,D,P,S,G,D,N
mammal|Mastomys_coucha_A3,Y,G,I,Q,A,G,T,-,E,D,D,P,S,G,D,N
mammal|Mirounga_leonina_A3,Y,G,I,Q,A,G,T,-,E,D,D,P,S,G,D,N
mammal|Molossus_molossus_A3,Y,G,I,Q,A,G,T,-,E,D,D,P,S,G,D,N
mammal|Myotis_myotis_A3,Y,G,I,Q,A,G,T,-,E,D,D,P,S,G,D,N
mammal|Neomonachus_schauinslandi_A3,Y,G,I,Q,A,G,T,-,E,D,D,P,S,G,D,N
mammal|Neophocaena_asiaeorientalis_A3,Y,G,I,Q,A,G,T,-,E,D,D,P,S,G,D,N
mammal|Nomascus_leucogenys_A3,Y,G,I,Q,A,G,T,-,E,D,D,P,S,G,D,N
mammal|Odocoileus_virginianus_texanus_A3,Y,G,I,Q,A,G,T,-,E,D,D,P,S,G,D,N
mammal|Ornithorhynchus_anatinus_A3,Y,G,I,Q,A,G,T,-,E,D,D,P,A,G,D,N
mammal|Oryx_dammah_A3,Y,G,I,Q,A,G,T,-,E,D,D,P,S,G,D,N
mammal|Ovis_aries_A3,Y,G,I,Q,A,G,T,-,E,D,D,P,S,G,D,N
mammal|Pan_paniscus_A3,Y,G,I,Q,A,G,T,-,E,D,D,P,S,G,D,N
mammal|Papio_anubis_A3,Y,G,I,Q,A,G,T,-,E,D,D,P,S,G,D,N
mammal|Peromyscus_leucopus_A3,Y,G,I,Q,A,G,T,-,E,D,D,P,S,G,D,N
mammal|Phoca_vitulina_A3,Y,G,I,Q,A,G,T,-,E,D,D,P,S,G,D,N
mammal|Phocoena_sinus_A3,Y,G,I,Q,A,G,T,-,E,D,D,P,S,G,D,N
mammal|Phyllostomus_discolor_A3,Y,G,I,Q,A,G,T,-,E,D,D,P,S,G,D,N
mammal|Physeter_macrocephalus_A3,Y,G,I,Q,A,G,T,-,E,D,D,P,S,G,D,N
mammal|Pipistrellus_kuhlii_A3,Y,G,I,Q,A,G,T,-,E,D,D,P,S,G,D,N
mammal|Pteropus_giganteus_A3,Y,G,I,Q,A,G,T,-,E,D,D,P,S,G,D,N
mammal|Rattus_rattus_A3,Y,G,I,Q,A,G,T,-,E,D,D,P,S,G,D,N
mammal|Rhinolophus_ferrumequinum_A3,Y,G,I,Q,A,G,T,-,E,D,D,P,S,G,D,N
mammal|Rousettus_aegyptiacus_A3,Y,G,I,Q,A,G,T,-,E,D,D,P,S,G,D,N
mammal|Saimiri_boliviensis_A3,Y,G,I,Q,A,G,T,-,E,D,D,P,S,G,D,N
mammal|Sapajus_apella_A3,Y,G,I,Q,A,G,T,-,E,D,D,P,S,G,D,N
mammal|Sturnira_hondurensis_A3,Y,G,I,Q,A,G,T,-,E,D,D,P,S,G,D,N
mammal|Suricata_suricatta_A3,Y,G,I,Q,A,G,T,-,E,D,D,P,S,R,D,N
mammal|Talpa_occidentalis_A3,Y,G,I,Q,A,G,T,-,E,D,D,P,S,G,D,N
mammal|Trachypithecus_francoisi_A3,Y,G,I,Q,A,G,T,-,E,D,D,P,S,G,D,N
mammal|Trichosurus_vulpecula_A3,Y,G,I,Q,A,G,T,-,E,D,D,P,S,G,D,N
mammal|Tursiops_truncatus_A3,Y,G,I,Q,A,G,T,-,E,D,D,P,S,G,D,N
mammal|Urocitellus_parryii_A3,Y,G,I,Q,A,G,T,-,E,D,D,P,S,G,D,N
mammal|Ursus_arctos_horribilis_A3,Y,G,I,Q,A,G,T,-,E,D,D,P,S,G,D,N
mammal|Ursus_maritimus_A3,Y,G,I,Q,A,G,T,-,E,D,D,P,S,G,D,N
mammal|Vompatus_ursinus_A3,Y,G,I,Q,A,G,T,-,E,D,D,P,A,G,D,N
mammal|Zalophus_californianus_A3,Y,G,I,Q,A,G,T,-,E,D,D,P,S,G,D,N
crocodilian|Crocodylus_porosus_A3,Y,G,I,L,A,G,T,-,E,D,E,P,S,N,D,N
lizard|Lacerta_agilis_A3,Y,G,I,Q,A,G,T,-,E,D,D,P,A,G,D,N
lizard|Podacris_muralis_A3,Y,G,I,Q,A,G,T,-,E,D,D,P,A,G,D,N
lizard|Pogona_vitticeps_A3,Y,G,I,Q,A,G,T,-,E,D,D,P,A,G,D,N
lizard|Tupinambis_teguixin_A3,Y,G,I,Q,A,G,T,-,E,D,D,P,S,R,D,N
lizard|Varanus_acanthus_A3,Y,G,I,Q,A,G,T,-,E,D,D,P,A,G,D,N
lizard|Varanus_dumerilii_A3,Y,G,I,L,A,G,T,-,E,E,D,P,S,R,D,N
lizard|Varanus_exanthematicus_A3,Y,G,I,L,A,G,T,-,E,D,D,P,S,R,D,N
lizard|Varanus_niloticus_A3,Y,G,I,L,A,G,T,-,E,D,D,P,S,R,D,N
lizard|Varanus_similis_A3,Y,G,I,Q,A,G,T,-,E,D,D,P,A,G,D,N
lizard|Varanus_timorensis_A3,Y,G,I,Q,A,G,T,-,E,D,D,P,A,G,D,N
lizard|Zootoca_vivipara_A3,Y,G,I,Q,A,G,T,-,E,D,D,P,A,G,D,N
snake|Boa_constrictor_A3,Y,G,I,Q,A,G,T,-,E,D,D,P,S,G,D,N
snake|Bothrops_atrox_A3,Y,G,I,Q,A,G,T,-,E,E,D,P,S,G,D,N
snake|Burmese_python_A3,Y,G,I,Q,A,G,T,-,E,D,D,P,S,G,D,N
snake|Crotalus_tigris_A3,Y,G,I,Q,A,G,T,-,E,E,D,P,A,G,D,N
snake|Dendrophidion_bivittatus_A3,Y,G,I,Q,A,G,T,-,E,D,D,P,A,G,D,N
snake|Dipsas_catesbyi_A3,Y,G,I,L,A,G,T,-,E,D,D,P,S,R,D,N
snake|Helicops_angulatus_A3,Y,G,I,L,A,G,T,-,E,D,D,P,T,R,D,N
snake|Helicops_pastazae_A3,Y,G,I,L,A,G,T,-,E,D,D,P,T,R,D,N
snake|Heterodon_nasicus_A3,Y,G,I,L,A,G,T,-,E,D,D,P,S,R,D,N
snake|Leptodeira_annulata_A3,Y,G,I,L,A,G,T,-,E,D,D,P,S,R,D,N
snake|Leptodeira_septentrionalis_A3,Y,G,I,L,A,G,T,-,E,D,D,P,S,R,D,N
snake|Notechis_scutatus_A3,Y,G,I,Q,A,A,T,-,D,D,D,P,S,G,D,N
snake|Ophiophagus_hannah_A3,Y,G,I,Q,A,G,T,-,E,D,D,P,S,G,D,N
snake|Oxyrhopus_petolarius_A3,Y,G,I,L,A,G,T,-,E,D,E,P,T,R,D,N
snake|Pantherophis_guttatus_A3,Y,G,I,Q,A,G,T,-,E,E,D,P,A,G,D,N
snake|Pseudonaja_textilis_A3,Y,G,I,Q,A,G,T,-,E,D,D,P,S,G,D,N
snake|Python_bivittatus_A3,Y,G,I,Q,A,G,T,-,E,D,D,P,S,G,D,N
snake|Thamnophis_elegans_A3,Y,G,I,L,A,A,T,-,E,D,D,P,S,R,D,N
snake|Thamnophis_sauritus_A3,Y,G,I,L,A,A,T,-,E,D,D,P,S,R,D,N
snake|Thamnophis_sirtalis_A3,Y,G,I,L,A,A,T,-,E,D,D,P,S,R,D,N
snake|Xenodon_rhabdocephalus_A3,Y,G,I,L,A,G,T,-,E,D,D,P,T,R,D,N
turtle|Dermochelys_coriacea_A3,Y,G,I,Q,A,G,T,-,E,D,D,P,A,N,D,N
turtle|Gopherus_evgoodei_A3,Y,G,I,Q,A,G,T,-,E,D,D,P,S,N,D,N
turtle|Mauremys_reevesii_A3,Y,G,I,Q,A,G,T,-,E,D,D,P,A,N,D,N
frog|Bufotes_viridis_A2,Y,G,I,T,V,A,I,-,E,D,D,P,T,N,D,N
frog|Ceratophrys_cranwelli_A2,Y,G,I,Q,I,A,M,-,E,D,E,P,I,N,D,N
frog|Ceratophrys_ornata_A2,Y,G,I,Q,I,A,M,-,E,D,E,P,I,N,D,N
frog|Craugastor_fitzingeri_A2,Y,G,I,Q,I,A,M,-,E,D,E,P,I,N,D,N
frog|Cyclorana_alboguttata_A2,Y,G,I,Q,I,A,M,-,E,D,E,P,I,N,D,N
frog|Dendrobates_auratus_A2,Y,G,I,Q,I,A,M,-,E,D,E,P,I,N,D,N
frog|Duttaphrynus_melanostictus_A2,Y,G,I,T,V,A,I,-,E,D,D,P,T,N,D,N
frog|Engystomops_pustulosus_A2,Y,G,I,Q,I,A,M,-,E,D,E,P,I,N,D,N
frog|Fejervarya_cancrivora_A2,Y,G,I,Q,I,A,M,-,E,D,E,P,I,N,D,N
frog|Fejervarya_limnocharis_A2,Y,G,I,Q,I,A,M,-,E,D,E,P,I,N,D,N
frog|Hoplobatrachus_rugulosus_A2,Y,G,I,L,V,A,M,-,E,D,E,P,V,N,D,N
frog|Hyla_arborea_A2,Y,G,I,Q,V,A,M,-,E,D,E,P,M,N,D,N
frog|Kaloula_pulchra_A2,Y,G,I,Q,I,A,M,-,E,D,E,P,I,N,D,N
frog|Lepidobatrachus_laevis_A2,Y,G,I,Q,I,A,M,-,E,D,E,P,I,N,D,N
frog|Leptodactylus_macrosternum_A2,Y,G,I,Q,I,A,M,-,E,D,E,P,I,N,D,N
frog|Limnodynastes_peronii_A2,Y,G,I,Q,I,A,M,-,E,D,E,P,I,N,D,N
frog|Lithodytes_lineatus_A2,Y,G,I,Q,I,A,M,-,E,D,E,P,I,N,D,N
frog|Megophrys_nasuta_A2,Y,S,I,Q,A,A,M,-,E,D,E,P,A,N,D,N
frog|Melanophryniscus_stelzneri_A2,Y,G,I,Q,I,A,M,-,E,D,E,P,M,N,D,N
frog|Odorrana_margaretae_A2,Y,G,I,Q,I,A,M,-,E,D,E,P,I,N,D,N
frog|Odorrana_tormota_A2,Y,G,I,Q,I,A,M,-,E,D,E,P,I,N,D,N
frog|Oreolalax_rhodostigmatus_A2,Y,G,I,Q,I,A,M,-,E,D,E,P,I,N,D,N
frog|Pelobates_fuscus_A2,Y,G,I,Q,I,A,M,-,E,D,E,P,I,N,D,N
frog|Pelophylax_lessonae_A2,Y,S,I,Q,I,A,M,-,E,D,E,P,I,N,D,N
frog|Pyxicephalus_adspersus_A2,Y,G,I,Q,I,A,M,-,E,D,E,P,I,N,D,N
frog|Rana_catessbeiana_A2,Y,G,I,Q,I,A,M,-,E,D,E,P,I,N,D,N
frog|Rana_sphenocephala_A2,Y,G,I,Q,I,A,M,-,E,D,E,P,I,N,D,N
frog|Xenopus_laevis_A2,Y,G,I,Q,I,A,M,-,E,D,E,P,V,N,D,N
frog|Xenopus_tropicalis_A2,Y,G,I,Q,I,A,M,-,E,D,E,P,I,N,D,N
bird|Eudyptes_robustus_A2,Y,G,I,Q,A,A,M,-,E,D,E,P,A,N,D,N
bird|Eudyptes_sclateri_A2,Y,G,I,Q,A,A,M,-,E,D,E,P,A,N,D,N
bird|Falco_cherrug_A2,Y,G,I,Q,A,A,M,-,E,D,E,P,S,N,D,N
bird|Falco_peregrinus_A2,Y,G,I,Q,A,A,M,-,E,D,E,P,S,N,D,N
bird|Fregetta_grallaria_A2,Y,G,I,Q,A,A,M,-,E,D,E,P,S,N,D,N
bird|Furnarius_figulus_A2,Y,G,I,Q,A,A,M,-,E,D,E,P,A,N,D,N
bird|Galbula_dea_A2,Y,G,I,Q,A,A,M,-,E,D,E,P,S,N,D,N
bird|Gallus_gallus_A2,Y,G,I,Q,A,A,M,-,E,D,E,P,S,N,D,N
bird|Haliaeetus_albicilla_A2,Y,G,I,Q,A,A,M,-,E,D,E,P,S,N,D,N
bird|Haliaetus_leucocephalus_A2,Y,G,I,Q,A,A,M,-,E,D,E,P,S,N,D,N
bird|Indicator_maculatus_A2,Y,G,I,Q,A,A,M,-,E,D,E,P,A,N,D,N
bird|Meleagris_gallopavo_A2,Y,G,I,Q,A,A,M,-,E,D,E,P,S,N,D,N
bird|Nesospiza_acunhae_A2,Y,G,I,Q,A,A,M,-,E,D,E,P,A,N,D,N
bird|Phasianus_colchicus_A2,Y,G,I,Q,A,A,M,-,E,D,E,P,S,N,D,N
bird|Pseudopodoces_humilis_A2,Y,G,I,Q,A,A,M,-,E,D,E,P,A,N,D,N
bird|Smithornis_capensis_A2,Y,G,I,Q,A,A,M,-,E,D,E,P,S,N,D,N
bird|Spizaetus_tyrannus_A2,Y,G,I,Q,A,A,M,-,E,D,E,P,S,N,D,N
bird|Taeniopygia_guttata_A2,Y,G,I,Q,A,A,M,-,E,D,E,P,S,N,D,N
bird|Tinamus_guttatus_A2,Y,G,I,Q,A,A,M,-,E,D,E,P,S,N,D,N
bird|Upupa_epops_A2,Y,G,I,Q,A,A,M,-,E,D,E,P,S,N,D,N
mammal|Ailuropoda_melanoleuca_A2,Y,G,I,Q,A,A,M,-,E,D,E,P,S,N,D,N
mammal|Aotus_nancymaae_A2,Y,G,I,Q,A,A,M,-,E,D,E,P,S,N,D,N
mammal|Arvicola_amphibius_A2,Y,G,I,L,A,A,M,-,E,D,E,P,S,N,D,N
mammal|Balaenoptera_acutorostrata_scammoni_A2,Y,G,I,Q,A,A,M,-,E,D,E,P,S,N,D,N
mammal|Bison_bison_bison_A2,F,G,I,Q,A,A,M,-,E,D,E,P,S,N,D,N
mammal|Bos_mutus_A2,F,G,I,Q,A,A,M,-,E,D,E,P,S,N,D,N
mammal|Bos_taurus_A2,F,G,I,Q,A,A,M,-,E,D,E,P,S,N,D,N
mammal|Bubalus_bubalis_A2,F,G,I,Q,A,A,M,-,E,D,E,P,S,N,D,N
mammal|Callithrix_jacchus_A2,Y,G,I,Q,A,A,M,-,E,D,E,P,S,N,D,N
mammal|Callorhinus_ursinus_A2,Y,G,I,Q,A,A,M,-,E,D,E,P,S,N,D,N
mammal|Camelus_bactrianus_A2,F,G,I,Q,A,A,M,-,E,D,E,P,S,N,D,N
mammal|Camelus_dromedarius_A2,F,G,I,Q,A,A,M,-,E,D,E,P,S,N,D,N
mammal|Camelus_ferus_A2,F,G,I,Q,A,A,M,-,E,D,E,P,S,N,D,N
mammal|Canis_lupus_dingo_A2,Y,G,I,Q,A,A,M,-,E,D,E,P,S,N,D,N
mammal|Canis_lupus_familiaris_A2,Y,G,I,Q,A,A,M,-,E,D,E,P,S,N,D,N
mammal|Capra_hircus_A2,F,G,I,Q,A,A,M,-,E,D,E,P,S,N,D,N
mammal|Cavia_porcellus_A2,F,G,I,Q,A,A,M,-,E,D,E,P,S,N,D,N
mammal|Ceratotherium_simum_simum_A2,Y,G,I,Q,A,A,M,-,D,D,E,P,S,N,D,N
mammal|Chinchilla_lanigera_A2,F,G,I,Q,A,A,M,-,E,D,E,P,S,N,D,N
mammal|Chlorocebus_sabaeus_A2,Y,G,I,Q,A,A,M,-,E,D,E,P,S,N,D,N
mammal|Cholepus_didactylus_A2,Y,G,I,Q,A,A,M,-,E,D,E,P,S,N,D,N
mammal|Chrysochloris_asiatica_A2,Y,G,I,L,A,A,M,-,E,D,E,P,S,N,D,N
mammal|Condylura_cristata_A2,Y,G,I,Q,A,A,M,-,E,D,E,P,S,N,D,N
mammal|Cricetulus_griseus_A2,Y,G,I,L,A,A,M,-,E,D,E,P,S,N,D,N
mammal|Dasypus_novemcinctus_A2,Y,G,I,Q,A,A,M,-,E,D,E,P,S,N,D,N
mammal|Delphinapterus_leucas_A2,Y,G,I,Q,A,A,M,-,E,D,E,P,S,N,D,N
mammal|Desmodus_rotundus_A2,Y,G,I,Q,A,A,M,-,E,D,E,P,S,N,D,N
mammal|Dipodomys_ordii_A2,Y,G,I,Q,A,A,M,-,E,D,E,P,S,N,D,N
mammal|Echinops_telfairi_A2,Y,G,I,Q,A,A,M,-,E,D,E,P,S,N,D,N
mammal|Elephantulus_edwardii_A2,Y,G,I,Q,A,A,M,-,E,D,E,P,S,N,D,N
mammal|Enhydra_lutris_kenyoni_A2,Y,G,I,Q,A,A,M,-,E,D,E,P,S,N,D,N
mammal|Equus_asinus_A2,Y,G,I,Q,A,A,M,-,E,D,E,P,S,N,D,N
mammal|Equus_caballus_A2,Y,G,I,Q,A,A,M,-,E,D,E,P,S,N,D,N
mammal|Erinaceus_europaeus_A2,Y,G,I,Q,A,A,M,-,E,D,E,P,S,N,D,N
mammal|Felis_catus_A2,Y,G,I,Q,A,A,M,-,E,D,E,P,S,N,D,N
mammal|Fukomys_damarensis_A2,F,G,I,Q,A,A,M,-,E,D,E,P,S,N,D,N
mammal|Galeopterus_variegatus_A2,F,G,I,Q,A,A,M,-,E,D,E,P,S,N,D,N
mammal|Gorilla_gorilla_gorilla_A2,Y,G,I,Q,A,A,M,-,E,D,E,P,S,N,D,N
mammal|Halichoerus_grypus_A2,Y,G,I,Q,A,A,M,-,E,D,E,P,S,N,D,N
mammal|Heterocephalus_glaber_A2,F,G,I,Q,A,A,M,-,E,D,E,P,S,N,D,N
mammal|Homo_sapiens_A2,Y,G,I,Q,A,A,M,-,E,D,E,P,S,N,D,N
mammal|Hylobates_moloch_A2,Y,G,I,Q,A,A,M,-,E,D,E,P,S,N,D,N
mammal|Ictidomys_tridecemlineatus_A2,Y,G,I,Q,A,A,M,-,E,D,E,P,S,N,D,N
mammal|Jaculus_jaculus_A2,Y,G,I,Q,A,A,M,-,E,D,E,P,S,N,D,N
mammal|Lipotes_vexillifer_A2,Y,G,I,Q,A,A,M,-,E,D,E,P,S,N,D,N
mammal|Lontra_canadensis_A2,Y,G,I,Q,A,A,M,-,E,D,E,P,S,N,D,N
mammal|Lynx_canadensis_A2,Y,G,I,Q,A,A,M,-,E,D,E,P,S,N,D,N
mammal|Macaca_mulatta_A2,Y,G,I,Q,A,A,M,-,E,D,E,P,S,N,D,N
mammal|Mandrillus_leucophaeus_A2,Y,G,I,Q,A,A,M,-,E,D,E,P,S,N,D,N
mammal|Marmota_marmota_marmota_A2,Y,G,I,Q,A,A,M,-,E,D,E,P,S,N,D,N
mammal|Meriones_unguiculatus_A2,Y,G,I,L,A,A,M,-,E,D,E,P,S,N,D,N
mammal|Microcebus_murinus_A2,Y,G,I,Q,A,A,M,-,E,D,E,P,S,N,D,N
mammal|Microtus_ochrogaster_A2,Y,G,I,L,A,A,M,-,E,D,E,P,S,N,D,N
mammal|Mirounga_leonina_A2,Y,G,I,Q,A,A,M,-,E,D,E,P,S,N,D,N
mammal|Molossus_molossus_A2,Y,G,I,Q,A,A,M,-,E,D,E,P,S,N,D,N
mammal|Mus_musculus_A2,Y,G,I,L,A,A,M,-,E,D,E,P,S,N,D,N
mammal|Mustela_putorius_furo_A2,Y,G,I,Q,A,A,M,-,E,D,E,P,S,N,D,N
mammal|Myotis_brandtii_A2,Y,G,I,Q,A,A,M,-,E,D,E,P,S,N,D,N
mammal|Myotis_myotis_A2,Y,G,I,Q,A,A,M,-,E,D,E,P,S,N,D,N
mammal|Nannospalax_galili_A2,Y,G,I,Q,A,A,M,-,E,D,E,P,S,N,D,N
mammal|Neophocaena_asiaeorientalis_A2,Y,G,I,Q,A,A,M,-,E,D,E,P,S,N,D,N
mammal|Nomascus_leucogenys_A2,Y,G,I,Q,A,A,M,-,E,D,E,P,S,N,D,N
mammal|Ochotona_princeps_A2,Y,G,I,Q,A,A,M,-,E,D,E,P,S,N,D,N
mammal|Octodon_degus_A2,F,G,I,Q,A,A,M,-,E,D,E,P,S,N,D,N
mammal|Odobenus_rosmarus_divergens_A2,Y,G,I,Q,A,A,M,-,E,D,E,P,S,N,D,N
mammal|Odocoileus_virginianus_texanus_A2,F,G,I,Q,A,A,M,-,E,D,E,P,S,N,D,N
mammal|Orcinus_orca_A2,Y,G,I,Q,A,A,M,-,E,D,E,P,S,N,D,N
mammal|Orycteropus_afer_afer_A2,Y,G,I,Q,A,A,M,-,E,D,E,P,S,N,D,N
mammal|Oryctolagus_cuniculus_A2,F,G,I,Q,A,A,M,-,E,D,E,P,S,N,D,N
mammal|Oryx_dammah_A2,F,G,I,Q,A,A,M,-,E,D,E,P,S,N,D,N
mammal|Otolemur_garnettii_A2,Y,G,I,Q,A,A,M,-,E,D,E,P,S,N,D,N
mammal|Ovis_aries_A2,F,G,I,Q,A,A,M,-,E,D,E,P,S,N,D,N
mammal|Pan_paniscus_A2,Y,G,I,Q,A,A,M,-,E,D,E,P,S,N,D,N
mammal|Pan_troglodytes_A2,Y,G,I,Q,A,A,M,-,E,D,E,P,S,N,D,N
mammal|Panthera_pardus_A2,Y,G,I,Q,A,A,M,-,E,D,E,P,S,N,D,N
mammal|Pantholops_hodgsonii_A2,F,G,I,Q,A,A,M,-,E,D,E,P,S,N,D,N
mammal|Peromyscus_leucopus_A2,Y,G,I,L,A,A,M,-,E,D,E,P,S,N,D,N
mammal|Peromyscus_maniculatus_bairdii_A2,Y,G,I,L,A,A,M,-,E,D,E,P,S,N,D,N
mammal|Phascolarctos_cinereus_A2,Y,G,I,Q,A,A,M,-,E,D,E,P,S,N,D,N
mammal|Phocoena_sinus_A2,Y,G,I,Q,A,A,M,-,E,D,E,P,S,N,D,N
mammal|Phyllostromus_discolor_A2,Y,G,I,Q,A,A,M,-,E,D,E,P,S,N,D,N
mammal|Physeter_catodon_A2,Y,G,I,Q,A,A,M,-,E,D,E,P,S,N,D,N
mammal|Piliocolobus_tephrosceles_A2,Y,G,I,Q,A,A,M,-,E,D,E,P,S,N,D,N
mammal|Pipistrellus_kuhlii_A2,Y,G,I,Q,A,A,M,-,E,D,E,P,S,N,D,N
mammal|Pongo_abelii_A2,Y,G,I,Q,A,A,M,-,E,D,E,P,S,N,D,N
mammal|Propithecus_coquereli_A2,Y,G,I,Q,A,A,M,-,E,D,E,P,S,N,D,N
mammal|Pteropus_alecto_A2,Y,G,I,Q,A,A,M,-,E,D,E,P,S,N,D,N
mammal|Pteropus_vampyrus_A2,Y,G,I,Q,A,A,M,-,E,D,E,P,S,N,D,N
mammal|Rattus_norvegicus_A2,Y,G,I,L,A,A,M,-,E,D,E,P,S,N,D,N
mammal|Rhinopithecus_bieti_A2,Y,G,I,Q,A,A,M,-,E,D,E,P,S,N,D,N
mammal|Rhinopithecus_roxellana_A2,Y,G,I,Q,A,A,M,-,E,D,E,P,S,N,D,N
mammal|Rousettus_aegyptiacus_A2,Y,G,I,Q,A,A,M,-,E,D,E,P,S,N,D,N
mammal|Saimiri_boliviensis_boliviensis_A2,Y,G,I,Q,A,A,M,-,E,D,E,P,S,N,D,N
mammal|Sapajus_apella_A2,Y,G,I,Q,A,A,M,-,E,D,E,P,S,N,D,N
mammal|Sarcophilus_harrisii_A2,Y,G,I,Q,A,A,M,-,E,D,E,P,S,N,D,N
mammal|Sorex_araneus_A2,Y,G,I,Q,A,A,M,-,E,D,E,P,S,N,D,N
mammal|Sus_scrofa_A2,Y,G,I,Q,A,A,M,-,E,D,E,P,S,N,D,N
mammal|Trichechus_manatus_latirostris_A2,F,G,I,Q,A,A,M,-,E,D,E,P,S,N,D,N
mammal|Urocitellus_parryii_A2,Y,G,I,Q,A,A,M,-,E,D,E,P,S,N,D,N
mammal|Ursus_maritimus_A2,Y,G,I,Q,A,A,M,-,E,D,E,P,S,N,D,N
mammal|Vicugna_pacos_A2,F,G,I,Q,A,A,M,-,E,D,E,P,S,N,D,N
mammal|Zalophus_californianus_A2,Y,G,I,Q,A,A,M,-,E,D,E,P,S,N,D,N
mammal|Acionyx_jubatus_A2,Y,G,I,Q,A,A,M,-,E,D,E,P,S,N,D,N
mammal|Castor_canadensis_A2,Y,G,I,Q,A,A,M,-,E,D,E,P,S,N,D,N
mammal|Cercocebus_atys_A2,Y,G,I,Q,A,A,M,-,E,D,E,P,S,N,D,N
mammal|Crocuta_crocuta_A2,Y,G,I,Q,A,A,M,-,E,D,E,P,S,N,D,N
mammal|Loxodonta_africana_A2,F,G,I,Q,A,A,M,-,E,D,E,P,S,N,D,N
mammal|Macaca_nemestrina_A2,Y,G,I,Q,A,A,M,-,E,D,E,P,S,N,D,N
mammal|Monodelphis_domestica_A2,Y,G,I,Q,A,A,M,-,E,D,E,P,S,N,D,N
mammal|Ornithorhynchus_anatinus_A2,Y,G,I,Q,A,A,M,-,E,D,E,P,S,N,D,N
mammal|Suricata_suricatta_A2,Y,G,I,Q,A,A,M,-,E,D,E,P,S,N,D,N
mammal|Ursus_americanus_A2,Y,G,I,Q,A,A,M,-,E,D,E,P,S,N,D,N
mammal|Vombatus_ursinus_A2,Y,G,I,Q,A,A,M,-,E,D,E,P,S,N,D,N
crocodilian|Alligator_mississippiensis_A2,Y,S,I,Q,A,V,M,-,E,D,E,S,S,N,D,N
crocodilian|Alligator_sinensis_A2,Y,S,I,L,A,V,M,-,E,D,E,P,G,N,D,N
lizard|Ameiva_ameiva_A2,Y,G,I,Q,I,A,M,-,E,D,E,P,I,N,D,N
lizard|Anolis_carolinensis_A2,Y,S,I,Q,A,A,M,-,E,D,E,P,S,N,D,N
lizard|Lacerta_agilis_A2,Y,S,I,Q,A,A,M,-,E,D,E,P,A,N,D,N
lizard|Podacris_muralis_A2,Y,S,I,Q,A,A,M,-,E,D,E,P,A,N,D,N
lizard|Pogona_vitticeps_A2,Y,S,I,Q,A,A,M,-,E,D,E,P,A,N,D,N
lizard|Varanus_acanthus_A2,Y,S,I,Q,A,A,M,-,E,D,E,P,A,N,D,N
lizard|Varanus_dumerilii_A2,Y,S,I,L,A,V,I,-,E,D,E,P,A,N,D,N
lizard|Varanus_exanthematicus_A2,Y,G,I,L,A,G,T,-,E,D,D,P,S,R,D,N
lizard|Varanus_niloticus_A2,Y,S,I,V,A,A,M,-,E,D,E,P,A,N,D,N
lizard|Varanus_similis_A2,Y,S,I,Q,A,A,M,-,E,D,E,P,A,N,D,N
lizard|Varanus_timorensis_A2,Y,S,I,Q,A,A,M,-,E,Y,E,P,A,N,D,N
snake|Boa_constrictor_A2,Y,S,I,Q,A,A,M,-,E,D,E,P,S,N,D,N
snake|Bothrops_atrox_A2,Y,S,I,Q,A,V,M,-,E,D,E,P,A,N,D,N
snake|Dendrophidion_bivittatus_A2,Y,S,I,Q,A,A,M,-,E,D,E,P,A,N,D,N
snake|Dipsas_catesbyi_A2,Y,S,I,Q,V,A,M,-,E,D,E,P,A,N,D,H
snake|Helicops_pastazae_A2,Y,G,I,L,A,A,M,-,E,D,E,P,S,N,D,N
snake|Heterodon_nasicus_A2,Y,S,I,Q,A,A,M,-,E,D,E,P,S,N,D,H
snake|Leptodeira_annulata_A2,Y,S,I,Q,V,A,M,-,E,D,E,P,A,N,D,H
snake|Notechis_scutatus_A2,Y,S,I,Q,A,A,M,-,E,E,E,P,A,N,D,N
snake|Ophiophagus_hannah_A2,Y,S,I,Q,A,A,M,-,E,D,E,P,A,N,D,N
snake|Oxyrhopus_petolarius_A2,Y,G,I,L,A,A,M,-,E,D,E,P,S,N,D,N
snake|Pantherophis_guttatus_A2,Y,S,I,Q,A,A,M,-,E,Y,E,P,A,N,D,N
snake|Protobothrops_muscosquamatus_A2,Y,S,I,Q,A,V,M,-,E,E,E,P,A,N,D,N
snake|Pseudonaja_textilis_A2,Y,S,I,Q,A,A,M,-,E,E,E,P,A,N,D,N
snake|Thamnophis_elegans_A2,Y,S,I,K,A,A,I,-,E,D,E,V,A,N,D,N
snake|Thamnophis_sauritus_A2,Y,S,I,K,A,A,I,-,D,D,E,V,S,N,D,N
snake|Thamnophis_sirtalis_A2,Y,S,I,K,A,A,I,-,E,D,E,V,A,N,D,N
snake|Xenodon_rhabdocephalus_A2,Y,S,I,L,A,A,M,-,E,D,E,P,S,N,D,N
turtle|Chrysemys_picta_A2,Y,S,I,Q,A,V,M,-,E,D,E,P,A,N,D,N
turtle|Gopherus_evgoodei_A2,Y,G,I,Q,A,V,M,-,E,D,E,P,A,N,D,N
turtle|Pelodiscus_sinensis_A2,Y,S,I,Q,A,V,M,-,E,D,E,P,A,N,D,N
fish|Latimeria_chalumnae_A1,Y,G,I,Q,A,A,M,-,E,D,E,P,V,N,D,N
caecilian|Geotrypetes_seraphini_A1,Y,G,I,Q,A,A,T,-,E,E,E,P,L,N,D,N
caecilian|Microcaecilia_unicolor_A1,Y,G,I,L,V,A,T,-,E,E,D,P,X,N,D,N
caecilian|Rhinatrema_bivittatum_A1,Y,G,I,Q,A,A,T,-,E,E,E,P,L,N,D,N
frog|Atelopus_glyphus_A1,Y,G,I,R,K,A,S,-,D,L,E,P,D,N,D,N
frog|Atelopus_sp_A1,Y,G,I,R,K,A,S,-,D,L,E,P,D,N,D,N
frog|Atelopus_zeteki_A1,Y,G,I,R,K,A,S,-,D,L,E,P,D,N,D,N
frog|Bombina_maxima_A1,Y,G,I,Q,A,G,T,-,E,D,E,P,Q,N,D,N
frog|Bufotes_viridis_A1,Y,G,I,R,K,A,S,-,D,L,E,P,D,N,D,N
frog|Ceratophrys_calcarata_A1,H,G,I,L,V,A,T,-,E,D,E,P,D,N,N,N
frog|Ceratophrys_cranwelli_A1,H,G,I,L,V,A,T,-,E,D,E,P,D,N,N,N
frog|Ceratophrys_ornatus_A1,H,G,I,L,V,A,T,-,E,D,E,P,D,N,N,N
frog|Craugastor_fitzingeri_A1,Y,G,I,Q,A,A,T,-,E,E,E,P,Q,N,D,N
frog|Cyclorana_alboguttata_A1,Y,G,I,Q,A,A,T,-,E,E,E,P,Q,N,D,N
frog|Dendrobates_auratus_A1,Y,G,I,Q,A,A,T,-,E,E,E,P,Q,N,D,N
frog|Duttaphrynus_melanostictus_A1,Y,G,I,R,K,A,S,-,D,L,E,P,D,N,D,N
frog|Engystomops_pustulosus_A1,Y,G,I,Q,A,A,T,-,E,E,E,P,Q,N,D,N
frog|Fejervarya_cancrivora_A1,Y,G,I,Q,A,G,T,-,E,E,D,P,Q,N,D,N
frog|Fejervarya_limnocharis_A1,Y,G,I,Q,A,G,T,-,E,E,D,P,Q,N,D,N
frog|Hoplobatrachus_rugulosus_A1,Y,G,I,T,S,A,T,-,E,E,D,T,Q,N,D,N
frog|Hyla_arborea_A1,Y,G,I,Q,A,A,T,-,E,E,D,P,Q,N,D,N
frog|Kaloula_pulchra_A1,Y,G,I,Q,A,A,T,-,E,E,D,P,Q,N,D,N
frog|Leptodactylus_macrosternumR_A1,Y,G,I,R,T,A,T,-,E,D,E,P,Q,N,D,D
frog|Leptodactylus_macrosternumS_A1,Y,G,I,Q,A,A,T,-,E,E,E,P,Q,N,D,N
frog|Limnodynastes_peronii_A1,Y,G,I,Q,A,A,T,-,E,E,E,P,Q,N,D,N
frog|Lithobates_catesbeianus_A1,Y,G,I,Q,A,A,T,-,E,E,E,P,Q,N,D,N
frog|Lithobates_sphenocephalus_A1,Y,G,I,Q,I,A,M,-,E,D,E,P,I,N,D,N
frog|Lithodytes_lineatus_A1,Y,G,I,Q,A,A,T,-,E,E,D,P,Q,N,D,N
frog|Mantella_betsileo_A1,Y,G,I,Q,A,G,T,-,E,E,E,P,Q,N,D,N
frog|Megophrys_nasuta_A1,Y,G,I,Q,A,A,T,-,E,E,E,P,N,N,D,N
frog|Melanophryniscus_stelzneri_A1,H,G,I,L,V,A,T,-,E,D,E,P,N,N,D,N
frog|Odorrana_margaretae_A1,Y,G,I,L,A,A,T,-,E,E,E,P,Q,N,D,N
frog|Odorrana_tormota_A1,Y,G,I,Q,A,A,T,-,E,E,E,P,Q,N,D,N
frog|Oophaga_pumilioS_A1,Y,G,I,Q,A,A,T,-,E,E,E,P,Q,N,D,N
frog|Oophaga_pumilioR_A1,Y,G,I,R,S,A,T,-,E,D,E,P,Q,N,D,D
frog|Oreobates_cruralis_A1,Y,G,I,Q,A,A,T,-,E,E,E,P,Q,N,D,N
frog|Oreolalax_rhodostigmatus_A1,Y,G,I,Q,A,G,T,-,E,E,E,P,Q,N,D,N
frog|Pelobates_fuscus_A1,Y,G,I,Q,A,A,T,-,E,E,E,P,Q,N,D,N
frog|Pelophylax_lessonae_A1,Y,G,I,Q,A,A,T,-,E,E,E,P,Q,N,D,N
frog|Quasipaa_boulengeri_A1,Y,G,I,Q,A,A,T,-,E,D,E,P,Q,N,D,N
frog|Rana_temporaria_A1,Y,G,I,L,A,A,T,-,E,E,E,P,Q,N,D,N
frog|Rhinella_granulosa_A1,Y,G,I,R,K,A,S,-,D,L,E,P,D,N,D,N
frog|Rhinella_marina_A1,Y,G,I,R,K,A,S,-,D,L,E,P,D,N,D,N
frog|Xenopus_laevis_A1,Y,G,I,Q,A,A,M,-,E,E,E,P,Q,N,D,N
frog|Xenopus_tropicalis_A1,Y,G,I,T,A,A,T,-,E,E,E,P,T,N,D,N
bird|Acanthisitta_chloris_A1,Y,G,I,Q,T,L,M,-,N,E,E,P,N,N,D,N
bird|Anas_platyrhynchos_A1,Y,G,I,Q,S,V,M,-,E,E,E,P,N,K,D,N
bird|Anser_cygnoides_A1,Y,G,I,Q,S,V,M,-,E,E,E,P,N,K,D,N
bird|Apaloderma_vittatum_A1,Y,T,I,E,S,L,T,-,G,E,E,A,N,K,D,N
bird|Aptenodytes_forsteri_A1,Y,G,I,Q,S,V,M,-,E,E,E,P,N,N,D,N
bird|Apteryx_australis_mantelli_A1,Y,G,I,Q,S,A,M,-,E,E,E,P,N,N,D,N
bird|Apteryx_rowi_A1,Y,G,I,Q,S,A,M,-,E,E,E,P,N,N,D,N
bird|Aquila_chrysaetos_canadensis_A1,Y,G,I,Q,S,V,M,-,E,E,E,P,N,N,D,N
bird|Aythya_fuligula_A1,Y,G,I,Q,S,V,M,-,E,E,E,P,N,K,D,N
bird|Belearica_regulorum_A1,Y,G,I,Q,S,V,M,-,E,E,E,P,N,N,D,N
bird|Calidris_pugnax_A1,Y,G,I,Q,S,A,M,-,E,E,E,P,N,K,D,N
bird|Calypte_anna_A1,Y,G,I,Q,S,V,M,-,E,E,E,P,N,N,D,N
bird|Caprimulgus_carolinensis_A1,Y,G,I,Q,S,V,M,-,G,E,E,P,N,N,D,N
bird|Cariama_cristata_A1,Y,G,I,Q,S,V,L,-,G,E,E,P,N,N,D,N
bird|Catharus_ustulatus_A1,Y,G,I,Q,S,L,M,-,E,E,E,A,N,N,D,N
bird|Chaetura_pelagica_A1,Y,G,I,Q,S,V,V,-,E,E,E,A,N,K,D,N
bird|Charadrius_vociferus_A1,H,G,I,R,S,V,M,-,E,E,E,S,N,N,D,N
bird|Chlamydotis_mcaqueenii_A1,Y,G,I,Q,S,V,M,-,G,E,E,T,N,N,D,N
bird|Colius_striatus_A1,Y,G,I,Q,S,A,M,-,E,E,E,V,N,N,D,N
bird|Columba_livia_A1,Y,G,I,Q,S,V,M,-,E,E,E,P,N,N,D,N
bird|Corvus_brachyrhynchos_A1,Y,G,I,Q,S,L,M,-,G,E,E,P,N,N,D,N
bird|Corvus_cornix_cornix_A1,Y,G,I,Q,S,L,M,-,G,E,E,P,N,N,D,N
bird|Coturnix_japonica_A1,Y,G,I,T,S,V,M,-,E,G,E,Q,N,A,D,N
bird|Cuculus_canorus_A1,Y,G,I,E,S,L,S,-,E,G,G,G,N,N,D,N
bird|Cyanistes_caeruleus_A1,Y,G,I,Q,S,L,M,-,E,E,E,P,N,K,D,N
bird|Dromaius_novaehollandiae_A1,Y,G,I,Q,S,A,M,-,E,E,E,P,N,N,D,N
bird|Egretta_garzetta_A1,Y,G,I,Q,S,V,M,-,E,E,E,P,N,N,D,N
bird|Falco_cherrug_A1,Y,G,I,Q,S,A,M,-,E,E,E,P,N,N,D,N
bird|Falco_naumanni_A1,Y,G,I,Q,S,A,M,-,E,E,E,P,N,N,D,N
bird|Falco_peregrinus_A1,Y,G,I,Q,S,A,M,-,E,E,E,P,N,N,D,N
bird|Falco_rusticolus_A1,Y,G,I,Q,S,A,M,-,E,E,E,P,N,N,D,N
bird|Ficedula_albicollis_A1,Y,G,I,Q,S,L,M,-,E,E,E,P,N,N,D,N
bird|Fulmarus_glacialis_A1,Y,G,I,Q,S,V,M,-,E,E,E,P,N,N,D,N
bird|Gallus_gallus_A1,Y,G,I,T,S,V,M,-,E,G,E,P,N,S,D,N
bird|Gavia_stellata_A1,Y,G,I,Q,S,V,M,-,E,E,E,P,N,N,D,N
bird|Geospiza_fortis_A1,Y,G,I,Q,S,L,M,-,E,E,E,P,N,N,D,N
bird|Haliaeetus_albicilla_A1,Y,G,I,Q,S,V,M,-,E,E,E,P,N,N,D,N
bird|Haliaeetus_leucocephalus_A1,Y,G,I,Q,S,V,M,-,E,E,E,P,N,N,D,N
bird|Lepidothrix_coronata_A1,Y,G,I,Q,S,L,M,-,E,E,E,A,N,K,D,N
bird|Leptosomus_discolor_A1,Y,G,I,R,S,L,S,-,D,G,E,P,N,N,D,N
bird|Lonchura_striata_A1,Y,G,I,Q,S,L,M,-,E,E,E,P,N,K,D,N
bird|Manacus_vitellinus_A1,Y,G,I,Q,S,L,M,-,E,E,E,A,N,K,D,N
bird|Meleagris_gallopavo_A1,Y,G,I,T,S,V,M,-,E,G,E,Q,N,A,D,N
bird|Melopisittacus_undulatus_A1,Y,G,I,Q,S,V,M,-,E,E,E,P,N,N,D,N
bird|Merops_nubicus_A1,Y,A,I,Q,S,L,T,-,E,E,E,P,N,N,D,N
bird|Mesitornis_unicolor_A1,Y,G,I,Q,S,V,M,-,E,E,E,A,N,N,D,N
bird|Motacilla_alba_alba_A1,Y,G,I,Q,S,L,M,-,E,E,E,P,N,N,D,N
bird|Nestor_notabilis_A1,Y,G,I,Q,S,V,M,-,E,E,E,A,N,N,D,N
bird|Nipponia_nippon_A1,Y,G,I,Q,S,V,M,-,E,G,E,P,N,N,D,N
bird|Nothoprocta_perdicaria_A1,Y,G,I,Q,S,A,T,-,G,E,E,A,N,N,D,N
bird|Numida_meleagris_A1,Y,G,I,T,T,V,T,-,E,G,E,P,N,T,D,N
bird|Opisthocomus_hoazin_A1,Y,G,I,Q,S,V,M,-,E,E,E,P,N,N,D,N
bird|Oxyura_jamaicensis_A1,Y,G,I,Q,S,V,M,-,E,E,E,P,N,K,D,N
bird|Parus_major_A1,Y,G,I,Q,S,L,M,-,E,E,E,P,N,K,D,N
bird|Pelecanus_crispus_A1,Y,G,I,Q,S,V,M,-,E,E,E,P,N,N,D,N
bird|Phaethon_lepturus_A1,Y,G,I,Q,S,V,M,-,E,E,E,P,N,K,D,N
bird|Phalacrocorax_carbo_A1,Y,G,I,Q,S,V,M,-,E,E,E,P,N,N,D,N
bird|Picoides_pubescens_A1,Y,A,I,Q,S,L,T,-,E,E,E,P,T,N,D,N
bird|Pipra_filicauda_A1,Y,G,I,Q,S,L,M,-,E,E,E,A,N,K,D,N
bird|Pseudopodoces_humilis_A1,Y,G,I,Q,S,L,M,-,E,E,E,P,N,K,D,N
bird|Pterocles_gutturalis_A1,Y,G,I,R,S,A,V,D,Q,E,A,A,D,N,D,N
bird|Pygoscelis_adeliae_A1,Y,G,I,Q,S,V,M,-,E,E,E,P,N,N,D,N
bird|Serinus_canaria_A1,Y,G,I,Q,S,L,M,-,E,E,E,P,N,N,D,N
bird|Strigops_habroptila_A1,Y,G,I,R,S,M,M,-,E,E,E,S,N,N,D,N
bird|Struthio_camelus_A1,F,G,I,Q,S,A,M,-,E,E,E,S,N,H,D,N
bird|Taeniopygia_guttata_A1,Y,G,I,Q,S,L,M,-,E,E,E,P,N,K,D,N
bird|Tauraco_erythrolophus_A1,Y,G,V,Q,S,V,M,-,E,E,E,S,N,K,D,N
bird|Tinamus_guttatus_A1,Y,G,I,E,S,A,T,-,G,E,E,P,S,N,D,N
bird|Tyto_alba_A1,Y,G,I,Q,S,V,M,-,E,E,E,P,N,N,D,N
bird|Acrocephalus_arundinaceus_A1,Y,G,I,Q,S,L,M,-,E,E,E,P,N,N,D,N
bird|Aegotheles_bennettii_A1,Y,G,I,Q,S,V,M,-,E,E,-,S,N,K,D,N
bird|Agelaius_phoeniceus_A1,Y,G,I,Q,S,L,M,-,E,E,E,P,N,N,D,N
bird|Alaudala_cheleensis_A1,Y,G,I,Q,S,L,M,-,E,E,E,P,N,N,D,N
bird|Alca_torda_A1,Y,G,I,Q,S,V,M,-,E,E,E,P,N,N,D,N
bird|Alcedo_cyanopectus_A1,Y,T,I,Q,S,L,T,-,E,E,E,P,N,N,D,N
bird|Aleadryas_rufinucha_A1,Y,G,I,Q,S,L,M,-,E,E,E,P,N,N,D,N
bird|Alectura_lathami_A1,Y,G,I,Q,S,V,M,-,E,E,E,P,N,N,D,N
bird|Amazona_guildingii_A1,Y,G,I,Q,S,V,M,-,E,E,E,A,N,N,D,N
bird|Anseranas_semipalmata_A1,Y,G,I,Q,S,V,M,-,E,E,E,P,N,K,D,N
bird|Anthoscopus_minutus_A1,Y,G,I,Q,S,L,M,-,E,E,E,P,N,K,D,N
bird|Aphelocoma_coerulescens_A1,Y,G,I,Q,S,L,M,-,E,E,E,P,N,N,D,N
bird|Aramus_guarauna_A1,Y,G,I,Q,S,V,M,-,E,E,E,P,N,N,D,N
bird|Arenaria_interpres_A1,Y,G,I,Q,S,A,M,-,E,E,E,P,N,K,D,N
bird|Bombycilla_garrulus_A1,Y,G,I,Q,S,L,M,-,E,E,E,P,N,K,D,N
bird|Bucco_capensis_A1,Y,T,I,T,T,L,T,-,G,D,E,P,N,N,D,N
bird|Bucorvus_abyssinicus_A1,Y,A,I,L,R,L,T,-,E,E,E,P,S,N,D,N
bird|Caloenas_nicobarica_A1,Y,G,I,Q,S,V,M,-,E,E,E,V,N,N,D,N
bird|Cardinalis_cardinalis_A1,Y,G,I,Q,S,L,M,-,E,E,E,P,N,N,D,N
bird|Catharus_fuscecens_A1,Y,G,I,Q,S,L,M,-,G,E,E,A,N,N,D,N
bird|Cephalopterus_ornatus_A1,Y,G,I,Q,S,L,M,-,E,E,E,A,N,N,D,N
bird|Certhia_brachydactyla_A1,Y,G,I,Q,S,L,M,-,E,E,E,P,N,N,D,N
bird|Chaetorhynchus_papuensis_A1,Y,G,I,Q,S,L,M,-,E,E,E,P,N,N,D,N
bird|Chloroceryle_aenea_A1,Y,T,I,Q,S,L,T,-,E,E,E,P,N,N,D,N
bird|Ciccaba_nigrolineata_A1,Y,G,I,Q,S,V,M,-,E,E,E,P,N,N,D,N
bird|Ciconia_maguari_A1,Y,G,I,Q,S,V,M,-,E,E,E,P,N,N,D,N
bird|Cinclus_mexicanus_A1,Y,G,I,Q,S,L,M,-,E,E,E,P,N,N,D,N
bird|Cisticola_juncidis_A1,Y,G,I,Q,S,L,M,-,E,E,G,G,N,N,D,N
bird|Cnemophilus_loriae_A1,Y,G,I,Q,S,L,M,-,E,E,E,P,N,K,D,N
bird|Colinus_virginianus_A1,Y,G,I,T,S,V,M,-,E,G,E,Q,N,S,D,N
bird|Columba_livia_A1_2,Y,G,I,Q,S,V,M,-,E,E,E,P,N,N,D,N
bird|Crypturellus_soui_A1,Y,G,I,E,S,A,T,-,G,E,E,P,S,N,D,N
bird|Crypturellus_undulatus_A1,Y,G,I,E,S,A,T,-,G,E,E,A,S,N,D,N
bird|Daphoenositta_chrysoptera_A1,Y,G,I,Q,S,L,M,-,E,E,E,P,N,N,D,N
bird|Dasyornis_broadbenti_A1,Y,G,I,Q,S,L,M,-,E,E,E,P,N,N,D,N
bird|Dicaeum_eximium_A1,Y,G,I,Q,S,L,M,-,E,E,E,P,N,N,D,N
bird|Dicrurus_megarhynchus_A1,Y,G,I,Q,S,L,M,-,E,E,E,P,N,N,D,N
bird|Dromas_ardeola_A1,Y,G,I,Q,S,V,M,-,E,E,E,P,N,N,D,N
bird|Dyaphorphyia_castanea_A1,Y,G,I,Q,S,L,M,-,D,E,E,P,N,N,D,N
bird|Edolisoma_coerulescens_A1,Y,G,I,Q,S,L,M,-,E,E,E,P,N,N,D,N
bird|Emberiza_fucata_A1,Y,G,I,Q,S,L,M,-,E,E,E,P,N,N,D,N
bird|Erithacus_rubecula_A1,Y,G,I,Q,S,L,M,-,E,E,E,P,N,N,D,N
bird|Erpornis_zantholeuca_A1,Y,G,I,Q,S,L,M,-,E,E,E,P,N,N,D,N
bird|Erythrocercus_mccallii_A1,Y,G,I,Q,S,L,M,-,E,E,E,P,N,N,D,N
bird|Eubucco_bourcierii_A1,Y,A,I,Q,S,L,T,-,E,E,E,P,T,N,D,N
bird|Eudromia_elegans_A1,Y,G,I,Q,S,A,T,-,G,E,E,A,N,N,D,N
bird|Eulacestoma_nigropectus_A1,Y,G,I,Q,S,L,M,-,E,E,E,P,N,N,D,N
bird|Eurystomus_gularis_A1,Y,A,I,Q,S,L,T,-,E,E,E,P,N,N,D,N
bird|Falcunculus_frontatus_A1,Y,G,I,Q,S,L,M,-,E,E,E,P,N,N,D,N
bird|Formicarius_rufipectus_A1,Y,G,I,Q,S,L,M,-,E,E,E,A,N,N,D,N
bird|Furnarius_figulus_A1,Y,G,I,Q,S,L,M,-,E,E,E,A,N,N,D,N
bird|Glaucidium_brasilianum_A1,Y,G,I,Q,S,V,M,-,D,E,E,P,N,N,D,N
bird|Grallaria_varia_A1,Y,G,I,Q,S,L,M,-,E,E,E,A,N,N,D,N
bird|Grantiella_picta_A1,Y,G,I,Q,S,L,M,-,E,E,E,P,N,K,D,N
bird|Gymnorhina_tibicen_A1,Y,G,I,Q,S,L,M,-,E,E,E,P,N,N,D,N
bird|Heliornis_fulica_A1,Y,G,I,Q,S,V,M,-,E,E,E,A,N,N,D,N
bird|Hirundo_rustica_A1,Y,G,I,Q,G,L,M,-,E,G,E,P,N,N,D,N
bird|Hydrobates_tethys_A1,Y,G,I,Q,S,V,M,-,E,E,E,P,N,N,D,N
bird|Hylia_prasina_A1,Y,G,I,Q,S,L,M,-,D,E,E,P,N,N,D,N
bird|Ibidorhyncha_struthersii_A1,Y,G,I,Q,S,V,M,-,E,E,E,P,N,N,D,N
bird|Ifrita_kowaldi_A1,Y,G,I,Q,S,L,M,-,E,E,E,P,N,N,D,N
bird|Illadopsis_cleaveri_A1,Y,G,I,Q,S,L,M,-,E,E,E,P,N,N,D,N
bird|Indicator_maculatus_A1,Y,A,I,Q,S,L,T,-,E,D,E,P,T,N,D,N
bird|Irena_cyanogastra_A1,Y,G,I,Q,S,L,M,-,E,E,E,P,N,K,D,N
bird|Jacana_jacana_A1,Y,G,I,Q,S,V,M,-,E,E,E,P,N,N,D,N
bird|Lanius_ludovicianus_A1,Y,G,I,Q,S,L,M,-,E,E,E,P,N,N,D,N
bird|Leiothrix_lutea_A1,Y,G,I,Q,S,L,M,-,E,E,E,P,N,N,D,N
bird|Leucopsar_rothschildi_A1,Y,G,I,Q,S,L,M,-,E,E,E,P,N,N,D,N
bird|Locustella_ochotensis_A1,Y,G,I,Q,S,L,M,-,E,E,E,P,N,N,D,N
bird|Loxia_leucoptera_A1,Y,G,I,Q,S,L,M,-,E,E,E,P,N,N,D,N
bird|Machaerirhynchus_nigripectus_A1,Y,G,I,Q,S,L,M,-,E,E,E,P,N,N,D,N
bird|Melanocharis_versteri_A1,Y,G,I,Q,S,L,M,-,E,E,E,P,N,K,D,N
bird|Melospiza_melodia_A1,Y,G,I,Q,S,L,M,-,E,E,E,P,N,N,D,N
bird|Mohoua_ochrocephala_A1,Y,G,I,Q,S,L,M,-,E,E,E,P,N,N,D,N
bird|Motacilla_alba_A1,Y,G,I,Q,S,L,M,-,E,E,E,P,N,N,D,N
bird|Myiagra_hebetior_A1,Y,G,I,Q,S,L,M,-,D,E,E,P,N,N,D,N
bird|Mystacornis_crossleyi_A1,Y,G,I,Q,S,L,M,-,D,E,E,P,N,N,D,N
bird|Nyctibius_bracteatus_A1,Y,G,I,Q,S,V,M,-,E,E,E,A,N,N,D,N
bird|Nyctibius_grandis_A1,Y,G,I,Q,S,V,M,-,E,E,E,A,N,N,D,N
bird|Nyctiprogne_leucopyga_A1,Y,G,I,Q,S,V,M,-,G,E,E,P,N,N,D,N
bird|Oceanites_oceanicus_A1,Y,G,I,Q,S,V,M,-,E,E,E,P,N,N,D,N
bird|Odontophorus_gujanensis_A1,Y,G,I,T,S,V,M,-,E,G,E,Q,N,S,D,N
bird|Onychorhynchus_coronatus_A1,Y,G,I,Q,S,L,M,-,E,E,E,A,N,N,D,N
bird|Oreocharis_arfaki_A1,Y,G,I,Q,S,L,M,-,E,E,E,P,N,N,D,N
bird|Oreotrochilus_melanogaster_A1,Y,G,I,Q,S,V,M,-,E,E,E,P,N,N,D,N
bird|Origma_solitaria_A1,Y,G,I,Q,S,L,M,-,E,E,E,P,N,N,D,N
bird|Oriolus_oriolus_A1,Y,G,I,R,S,L,V,-,D,E,E,V,D,N,D,N
bird|Orthonyx_spaldingii_A1,Y,G,I,Q,S,L,M,-,E,E,E,P,N,N,D,N
bird|Oxyruncus_cristatus_A1,Y,G,I,Q,S,L,M,-,E,E,E,A,N,N,D,N
bird|Pachycephala_philippiensis_A1,Y,G,I,Q,S,L,M,-,E,E,E,P,N,N,D,N
bird|Pachyramphus_minor_A1,Y,G,I,Q,S,L,M,-,E,E,E,A,N,N,D,N
bird|Pandion_halaetus_A1,Y,G,I,Q,S,V,M,-,E,E,E,P,N,K,D,N
bird|Paradoxornis_webbianius_A1,Y,G,I,Q,S,L,M,-,E,E,E,P,N,N,D,N
bird|Pardalotus_punctatus_A1,Y,G,I,Q,S,L,M,-,E,E,E,P,N,N,D,N
bird|Patagioenas_fasciata_monilis_A1,Y,G,I,Q,S,V,M,-,E,E,E,P,N,N,D,N
bird|Pedionomus_torquatus_A1,Y,G,I,Q,S,V,M,-,E,E,E,P,N,N,D,N
bird|Phasianus_colchicus_A1,Y,G,I,T,S,V,M,-,E,G,E,Q,N,A,D,N
bird|Pheucticus_melanocephalus_A1,Y,A,I,E,T,L,V,-,N,G,E,G,N,N,D,N
bird|Piprites_chloris_A1,Y,G,I,Q,S,L,M,-,E,E,E,V,N,N,D,N
bird|Ploceus_nigricollis_A1,Y,G,I,Q,S,L,M,-,E,E,E,P,N,N,D,N
bird|Pluvianellus_socialis_A1,Y,G,I,Q,S,V,M,-,E,E,E,P,N,N,D,N
bird|Poliptila_caerulea_A1,Y,G,I,Q,S,L,M,-,E,E,E,P,N,K,D,N
bird|Pomatorhinus_ruficollis_A1,Y,G,I,Q,S,L,M,-,E,E,E,P,N,N,D,N
bird|Pomatostomus_ruficeps_A1,Y,G,I,Q,S,L,M,-,E,E,E,P,N,N,D,N
bird|Probosciger_aterrimus_A1,Y,S,I,E,T,M,V,-,E,E,D,S,S,N,D,N
bird|Promerops_cafer_A1,Y,G,I,Q,S,L,M,-,E,E,E,P,N,N,D,N
bird|Prunella_fulvescens_A1,Y,G,I,Q,S,L,M,-,E,E,E,A,N,N,D,N
bird|Psophia_crepitans_A1,Y,G,I,Q,S,V,T,-,E,E,E,P,N,N,D,N
bird|Ptilonorhynchus_violaceus_A1,Y,G,I,Q,S,L,M,-,E,E,E,A,N,N,D,N
bird|Pycnonotus_jocosus_A1,Y,G,I,Q,S,L,M,-,D,E,E,A,N,K,D,N
bird|Quiscalus_mexicanus_A1,Y,G,I,Q,S,L,M,-,E,E,E,P,N,N,D,N
bird|Rhabdornis_inornatus_A1,Y,G,I,Q,S,L,M,-,E,E,E,P,N,N,D,N
bird|Rhadina_sibilatrix_A1,Y,G,I,Q,S,L,M,-,D,E,E,P,N,N,D,N
bird|Rhagologus_leucostigma_A1,Y,G,I,Q,S,L,M,-,E,Q,E,P,N,N,D,N
bird|Rhegmatorhina_hoffmannsi_A1,Y,G,I,Q,S,L,M,-,E,E,E,A,N,N,D,N
bird|Rhinopomastus_cyanomelas_A1,Y,A,I,Q,S,V,T,-,E,E,E,P,N,N,D,N
bird|Rhipidura_dahli_A1,Y,G,I,Q,S,L,M,-,E,E,E,P,N,N,D,N
bird|Rhodinocichla_rosea_A1,Y,G,I,Q,S,L,M,-,E,E,E,P,N,N,D,N
bird|Rhynochetos_jubatus_A1,Y,G,I,Q,S,V,M,-,E,Q,E,A,N,N,D,N
bird|Rynchops_niger_A1,Y,G,I,Q,S,V,M,-,E,E,E,P,N,N,D,N
bird|Sagittarius_serpentarius_A1,Y,G,I,Q,S,V,M,-,E,E,E,P,N,K,D,N
bird|Sclerurus_mexicanus_A1,Y,G,I,Q,S,L,M,-,E,E,E,A,N,N,D,N
bird|Scytalopus_superciliaris_A1,Y,G,I,Q,S,L,M,-,E,E,E,A,N,N,D,N
bird|Serilophus_lunatus_A1,Y,G,I,Q,S,L,M,-,G,E,E,P,N,N,D,N
bird|Setophaga_kirklandii_A1,Y,G,I,Q,S,L,M,-,E,E,E,P,N,N,D,N
bird|Sitta_europaea_A1,Y,G,I,Q,S,L,M,-,E,E,E,P,N,N,D,N
bird|Simutsornis_africanus_A1,Y,G,I,Q,S,V,M,-,E,E,E,P,N,N,D,N
bird|Sterrhoptilus_dennistourni_A1,Y,G,I,Q,S,L,M,-,E,E,E,P,N,N,D,N
bird|Strigops_habroptila_A1_2,Y,G,I,R,S,M,M,-,E,E,E,S,N,N,D,N
bird|Struthidea_cinerea_A1,Y,G,I,Q,S,L,M,-,E,E,E,P,N,N,D,N
bird|Sylvia_atricapilla_A1,Y,G,I,Q,S,L,M,-,D,E,E,P,N,N,D,N
bird|Sylvia_borin_A1,Y,G,I,Q,S,L,M,-,D,E,E,P,N,N,D,N
bird|Sylvietta_virens_A1,Y,G,I,Q,S,L,M,-,E,E,E,P,N,N,D,N
bird|Thalassarche_chlororhynchos_A1,Y,G,I,Q,S,V,M,-,E,E,E,P,N,N,D,N
bird|Thinocorus_orbignyianus_A1,Y,G,I,Q,S,V,M,-,E,E,E,P,N,N,D,N
bird|Thryothorus_ludovicianus_A1,Y,G,I,Q,S,L,M,-,E,E,E,P,N,K,D,N
bird|Toxostoma_redivivum_A1,Y,G,I,Q,S,L,M,-,E,E,E,P,N,N,D,N
bird|Turnix_velox_A1,Y,G,I,Q,S,V,M,-,G,E,E,P,N,N,D,N
bird|Upupa_epops_A1,Y,A,I,Q,S,V,T,-,E,E,E,P,N,N,D,N
bird|Urocynchramus_pylzowi_A1,Y,G,I,Q,S,L,M,-,E,E,E,A,N,N,D,N
bird|Vireo_altiloquus_A1,Y,G,I,Q,S,L,M,-,E,E,E,P,N,N,D,N
bird|Zapornia_atra_A1,Y,G,I,Q,S,V,M,-,D,E,E,P,N,N,D,N
mammal|Acionyx_jubatus_A1,Y,G,I,Q,A,A,T,-,E,E,E,P,Q,N,D,N
mammal|Ailuropoda_melanoleuca_A1,Y,G,I,Q,A,A,T,-,E,E,E,P,Q,N,D,N
mammal|Aotus_nancymaae_A1,Y,S,I,Q,A,A,T,-,E,E,E,P,Q,N,D,N
mammal|Artibeus_jamaicensis_A1,Y,G,I,R,A,A,M,-,G,E,E,S,D,N,D,N
mammal|Arvicanthis_niloticus_A1,Y,G,I,R,S,A,T,-,E,E,E,P,P,N,D,D
mammal|Balanoptera_acutorostrata_A1,Y,G,I,Q,A,A,T,-,E,E,E,P,Q,N,D,N
mammal|Bos_indicus_A1,Y,G,I,Q,A,A,T,-,E,E,E,P,Q,N,D,N
mammal|Bos_taurus_A1,Y,G,I,Q,A,A,T,-,E,E,E,P,Q,N,D,N
mammal|Bubalus_bubalus_A1,Y,G,I,Q,A,A,T,-,E,E,E,P,Q,N,D,N
mammal|Callithrix_jacchus_A1,Y,S,I,Q,A,A,T,-,E,E,E,P,Q,N,D,N
mammal|Callorhinus_ursinus_A1,Y,G,I,Q,A,A,T,-,E,E,E,P,Q,N,D,N
mammal|Camelus_bactrianus_A1,Y,G,I,Q,A,A,T,-,E,E,E,P,Q,N,D,N
mammal|Camelus_dromedarius_A1,Y,G,I,Q,A,A,T,-,E,E,E,P,Q,N,D,N
mammal|Camelus_ferus_A1,Y,G,I,Q,A,A,T,-,E,E,E,P,Q,N,D,N
mammal|Canis_lupus_dingo_A1,Y,G,I,Q,A,A,T,-,E,E,E,P,Q,N,D,N
mammal|Canis_lupus_familiaris_A1,Y,G,I,Q,A,A,T,-,E,E,E,P,Q,N,D,N
mammal|Capra_hircus_A1,Y,G,I,Q,A,A,T,-,E,E,E,P,Q,N,D,N
mammal|Carlito_syrichta_A1,Y,S,I,Q,A,A,T,-,E,E,E,P,Q,N,D,N
mammal|Cercocebus_atys_A1,Y,S,I,Q,A,A,T,-,E,E,E,P,Q,N,D,N
mammal|Chinchilla_lanigera_A1,Y,G,I,E,S,L,S,M,E,E,G,P,S,N,D,N
mammal|Chlorocebus_sabaeus_A1,Y,S,I,Q,A,A,T,-,E,E,E,P,Q,N,D,N
mammal|Colobus_angolensis_palliatus_A1,Y,S,I,Q,A,A,T,-,E,E,E,P,Q,N,D,N
mammal|Condylura_cristata_A1,Y,S,I,Q,A,A,T,-,E,E,D,P,Q,N,D,N
mammal|Cricetulus_griseus_A1,Y,G,I,R,S,A,T,-,E,E,E,P,P,N,D,D
mammal|Crocuta_crocuta_A1,Y,G,I,Q,A,A,T,-,E,E,E,P,Q,N,D,N
mammal|Delphinapterus_leucas_A1,Y,G,I,Q,A,A,T,-,E,E,E,P,Q,N,D,N
mammal|Dipodomys_ordii_A1,Y,G,I,Q,A,A,T,-,E,E,E,P,Q,N,D,N
mammal|Echinops_telfairi_A1,Y,G,I,Q,A,G,T,-,E,E,D,P,Q,N,D,N
mammal|Eptesicus_fuscus_A1,Y,G,I,Q,A,A,T,-,E,E,E,P,Q,N,D,N
mammal|Equus_asinus_A1,Y,G,I,Q,A,A,T,-,E,E,E,P,Q,N,D,N
mammal|Equus_caballus_A1,Y,G,I,Q,A,A,T,-,E,E,E,P,Q,N,D,N
mammal|Equus_przewalskii_A1,Y,G,I,Q,A,A,T,-,E,E,E,P,Q,N,D,N
mammal|Erinaceus_europaeus_A1,Y,G,I,R,A,A,T,-,E,E,E,V,D,N,D,N
mammal|Eumetopias_jubatus_A1,Y,G,I,Q,A,A,T,-,E,E,E,P,Q,N,D,N
mammal|Felis_catus_A1,Y,G,I,Q,A,A,T,-,E,E,E,P,Q,N,D,N
mammal|Fukomys_damarensis_A1,Y,S,I,E,T,L,S,M,E,E,A,P,S,N,D,N
mammal|Galeopterus_variegatus_A1,Y,S,I,V,A,A,T,-,E,E,E,P,Q,N,D,N
mammal|Gorilla_gorilla_gorilla_A1,Y,S,I,Q,A,A,T,-,E,E,E,P,Q,N,D,N
mammal|Grammomys_surdaster_A1,Y,G,I,R,S,A,T,-,E,E,E,P,P,N,D,D
mammal|Heterocephalus_glaber_A1,Y,S,I,E,T,L,S,M,E,E,M,P,S,N,D,N
mammal|Hipposideros_armiger_A1,Y,G,I,Q,A,A,T,-,E,E,E,P,Q,N,D,N
mammal|Homo_sapiens_A1,Y,S,I,Q,A,A,T,-,E,E,E,P,Q,N,D,N
mammal|Hyaena_hyaena_A1,Y,G,I,Q,A,A,T,-,E,E,E,P,Q,N,D,N
mammal|Ictidomys_tridecremlineatus_A1,Y,G,I,Q,A,A,T,-,E,E,E,P,Q,N,D,N
mammal|Jaculus_jaculus_A1,Y,G,I,Q,A,A,T,-,E,E,E,P,Q,N,D,N
mammal|Lepus_yarkandensis_A1,Y,G,I,L,A,A,T,-,E,E,D,F,D,N,D,N
mammal|Lontra_canadensis_A1,Y,G,I,Q,A,A,T,-,E,E,E,P,Q,N,D,N
mammal|Loxodonta_africana_A1,Y,G,I,L,A,A,T,-,E,E,E,L,E,N,D,N
mammal|Lynx_canadensis_A1,Y,G,I,Q,A,A,T,-,E,E,E,P,Q,N,D,N
mammal|Macaca_fasicularis_A1,Y,S,I,Q,A,A,T,-,E,E,E,P,Q,N,D,N
mammal|Macaca_mulatta_A1,Y,S,I,Q,A,A,T,-,E,E,E,P,Q,N,D,N
mammal|Macaca_nemestrina_A1,Y,S,I,Q,A,A,T,-,E,E,E,P,Q,N,D,N
mammal|Mandrillus_leucophaeus_A1,Y,S,I,Q,A,A,T,-,E,E,E,P,Q,N,D,N
mammal|Manis_javanica_A1,Y,G,I,Q,A,A,T,-,E,E,E,P,Q,N,D,N
mammal|Marmota_marmota_marmota_A1,Y,G,I,Q,A,A,T,-,E,E,E,P,Q,N,D,N
mammal|Mastomys_coucha_A1,Y,G,I,R,S,A,T,-,E,E,E,P,P,N,D,D
mammal|Mesocricetus_auratus_A1,Y,G,I,R,S,A,T,-,E,E,E,P,P,N,D,D
mammal|Microtus_ochrogaster_A1,Y,G,I,R,S,A,T,-,E,E,E,P,P,N,D,D
mammal|Miniopterus_natalensis_A1,Y,G,I,Q,A,A,T,-,E,E,E,P,Q,N,D,N
mammal|Mirounga_leonina_A1,Y,G,I,Q,A,A,T,-,E,E,E,P,Q,N,D,N
mammal|Molossus_molossus_A1,Y,G,I,Q,A,A,T,-,E,E,E,P,Q,N,D,N
mammal|Monodelphis_domestica_A1,Y,G,I,Q,A,A,T,-,E,D,E,P,Q,N,D,N
mammal|Mus_caroli_A1,Y,G,I,R,S,A,T,-,E,E,E,P,P,N,D,D
mammal|Mus_musculus_A1,Y,G,I,R,S,A,T,-,E,E,E,P,P,N,D,D
mammal|Mus_pahari_A1,Y,G,I,R,S,A,T,-,E,E,E,P,P,N,D,D
mammal|Mustela_erminea_A1,Y,G,I,Q,A,A,T,-,E,E,E,P,Q,N,D,N
mammal|Mustela_putorius_furo_A1,Y,G,I,L,A,A,T,-,E,E,E,L,Q,N,D,N
mammal|Myotis_brandtii_A1,Y,G,I,Q,A,A,T,-,E,E,E,P,Q,N,D,N
mammal|Myotis_myotis_A1,Y,G,I,Q,A,A,T,-,E,E,E,P,Q,N,D,N
mammal|Nannospalax_galili_A1,Y,G,I,R,S,A,T,-,E,E,E,P,P,N,D,D
mammal|Ochtona_princeps_A1,H,G,I,R,A,A,T,-,E,E,D,F,D,N,D,N
mammal|Octodon_degus_A1,Y,G,I,E,S,L,S,M,E,E,G,P,S,N,D,N
mammal|Odobenus_rosmarus_A1,Y,G,I,Q,A,A,T,-,E,E,E,P,Q,N,D,N
mammal|Odocoileus_virginianus_texanus_A1,Y,G,I,Q,A,A,T,-,E,E,E,P,Q,N,D,N
mammal|Orcinus_orca_A1,Y,G,I,Q,A,A,T,-,E,E,E,P,Q,N,D,N
mammal|Ornithorhynchus_anatinus_A1,Y,G,I,Q,A,A,T,-,E,E,E,P,Q,N,D,N
mammal|Orycteropus_afer_afer_A1,Y,G,I,Q,A,G,T,-,E,E,D,P,Q,N,D,N
mammal|Oryctolagus_cuniculus_A1,Y,G,I,L,A,A,T,-,E,E,D,F,D,N,D,N
mammal|Oryx_dammah_A1,Y,G,I,Q,A,A,T,-,E,E,E,P,Q,N,D,N
mammal|Otolemur_garnettii_A1,Y,S,I,Q,A,A,T,-,E,E,E,P,Q,N,D,N
mammal|Ovis_aries_A1,Y,G,I,Q,A,A,T,-,E,E,E,P,Q,N,D,N
mammal|Pan_paniscus_A1,Y,S,I,Q,A,A,T,-,E,E,E,P,Q,N,D,N
mammal|Pan_troglodytes_A1,Y,S,I,Q,A,A,T,-,E,E,E,P,Q,N,D,N
mammal|Panthera_pardus_A1,Y,G,I,Q,A,A,T,-,E,E,E,P,Q,N,D,N
mammal|Panthera_tigris_altaica_A1,Y,G,I,Q,A,A,T,-,E,E,E,P,Q,N,D,N
mammal|Papio_anubis_A1,Y,S,I,Q,A,A,T,-,E,E,E,P,Q,N,D,N
mammal|Peromyscus_leucopus_A1,Y,G,I,R,S,A,T,-,E,E,E,P,P,N,D,D
mammal|Peromyscus_maniculatus_bairdii_A1,Y,G,I,R,S,A,T,-,E,E,E,P,P,N,D,D
mammal|Phascolarctos_cinereus_A1,Y,G,I,L,A,A,T,-,E,E,E,P,Q,N,D,N
mammal|Phoca_vitulina_A1,Y,G,I,Q,A,A,T,-,E,E,E,P,Q,N,D,N
mammal|Phocoena_sinus_A1,Y,G,I,Q,A,A,T,-,E,E,E,P,Q,N,D,N
mammal|Physeter_catodon_A1,Y,G,I,Q,A,A,T,-,E,E,E,P,Q,N,D,N
mammal|Piliocolobus_tephrosceles_A1,Y,S,I,Q,A,A,T,-,E,E,E,P,Q,N,D,N
mammal|Pipistrellus_kuhlii_A1,Y,G,I,Q,A,A,T,-,E,E,E,P,Q,N,D,N
mammal|Pongo_abelii_A1,Y,S,I,Q,A,A,T,-,E,E,E,P,Q,N,D,N
mammal|Pteropus_alecto_A1,Y,G,I,Q,A,A,T,-,E,E,E,P,Q,N,D,N
mammal|Pteropus_giganteus_A1,Y,G,I,Q,A,A,T,-,E,E,E,P,Q,N,D,N
mammal|Puma_concolor_A1,Y,G,I,Q,A,A,T,-,E,E,E,P,Q,N,D,N
mammal|Puma_yagouaroundi_A1,Y,G,I,Q,A,A,T,-,E,E,E,P,Q,N,D,N
mammal|Rattus_norvegicus_A1,Y,G,I,R,S,A,T,-,E,E,E,P,P,N,D,D
mammal|Rhinolophus_ferrumequinum_A1,Y,G,I,Q,A,A,T,-,E,E,E,P,Q,N,D,N
mammal|Rhinopithecus_bieti_A1,Y,S,I,Q,A,A,T,-,E,E,E,P,Q,N,D,N
mammal|Rhinopithecus_roxellana_A1,Y,S,I,Q,A,A,T,-,E,E,E,P,Q,N,D,N
mammal|Rousettus_aegyptiacus_A1,Y,G,I,Q,A,A,T,-,E,E,E,P,Q,N,D,N
mammal|Saimiri_boliviensis_A1,Y,S,I,Q,A,A,T,-,E,E,E,P,Q,N,D,N
mammal|Sapajus_apella_A1,Y,S,I,Q,A,A,T,-,E,E,E,P,Q,N,D,N
mammal|Sarcophilus_harrisii_A1,Y,G,I,Q,A,A,T,-,E,D,E,P,Q,N,D,N
mammal|Sorex_araneus_A1,Y,S,I,Q,A,A,T,-,E,E,E,P,Q,N,D,N
mammal|Suricata_suricatta_A1,H,G,I,H,A,A,T,-,E,E,E,P,E,N,D,N
mammal|Sus_scrofa_A1,Y,G,I,Q,A,A,T,-,E,E,E,P,Q,N,D,N
mammal|Theropithecus_gelada_A1,Y,S,I,Q,A,A,T,-,E,E,E,P,Q,N,D,N
mammal|Trachypithecus_francoisi_A1,F,S,I,Q,A,A,T,-,E,E,E,P,Q,N,D,N
mammal|Trichechus_manatus_A1,Y,G,I,L,A,A,T,-,E,E,E,L,E,N,D,N
mammal|Tupaia_chinensis_A1,Y,G,I,Q,A,A,T,-,E,E,E,P,Q,N,D,N
mammal|Tursiops_truncatus_A1,Y,G,I,Q,A,A,T,-,E,E,E,P,Q,N,D,N
mammal|Urocitellus_parryii_A1,Y,G,I,Q,A,A,T,-,E,E,E,P,Q,N,D,N
mammal|Ursus_arctos_A1,Y,G,I,Q,A,A,T,-,E,E,E,P,Q,N,D,N
mammal|Ursus_maritimus_A1,Y,G,I,Q,A,A,T,-,E,E,E,P,Q,N,D,N
mammal|Vicugna_pacos_A1,Y,G,I,Q,A,A,T,-,E,E,E,P,Q,N,D,N
mammal|Vombatus_ursinus_A1,Y,G,I,L,A,A,T,-,E,E,E,P,Q,N,D,N
mammal|Vulpes_vulpes_A1,Y,G,I,Q,A,A,T,-,E,E,E,P,Q,N,D,N
mammal|Zalophus_californianus_A1,Y,G,I,Q,A,A,T,-,E,E,E,P,Q,N,D,N
crocodilian|Alligator_mississippiensis_A1,Y,G,I,K,A,A,L,-,E,E,E,V,D,N,D,N
crocodilian|Alligator_sinensis_A1,Y,G,I,K,T,A,L,-,E,E,E,V,D,N,D,N
crocodilian|Crocodylus_porosus_A1,Y,G,I,R,T,A,M,-,E,E,E,A,D,N,D,N
crocodilian|Gavialis_gangeticus_A1,Y,G,I,R,A,A,M,-,E,E,E,A,D,N,D,N
lizard|Ameiva_ameiva_A1,Y,G,I,Q,A,A,T,-,E,E,E,P,N,N,D,N
lizard|Anolis_carolinensis_A1,Y,G,I,Q,A,A,T,-,E,E,E,P,N,N,D,N
lizard|Lacerta_agilis_A1,Y,G,I,Q,A,A,T,-,E,E,E,P,N,N,D,N
lizard|Podacris_muralis_A1,Y,G,I,Q,A,A,T,-,E,E,E,P,N,N,D,N
lizard|Pogona_vitticeps_A1,Y,G,I,Q,A,V,T,-,E,E,E,P,N,N,D,N
lizard|Tupinambis_teguxin_A1,Y,G,I,Q,A,A,A,-,D,G,E,P,N,N,D,H
lizard|Varanus_acanthus_A1,Y,G,I,Q,A,A,T,-,E,E,E,P,N,N,D,N
lizard|Varanus_dumerlii_A1,Y,G,I,L,A,A,T,-,E,E,E,P,N,N,D,N
lizard|Varanus_exanthemathicus_A1,Y,G,I,T,A,A,T,-,E,E,E,G,N,N,D,N
lizard|Varanus_komodoensis_A1,Y,G,I,Q,A,A,T,-,E,E,E,P,N,N,D,N
lizard|Varanus_niloticus_A1,Y,G,I,T,A,A,T,-,E,E,E,S,N,N,D,N
lizard|Varanus_similis_A1,Y,G,I,Q,A,A,T,-,E,E,E,P,N,N,D,N
lizard|Varanus_timorensis_A1,F,G,I,Q,A,A,T,-,G,E,E,P,N,N,D,N
lizard|Zootoca_vivipara_A1,Y,G,I,Q,A,A,T,-,E,E,E,P,N,N,D,N
snake|Atractus_crassicaudatus_A1,Y,A,I,Q,A,A,T,-,G,E,E,P,N,N,D,H
snake|Boa_constrictor_A1,F,G,I,H,A,A,T,-,G,E,E,P,N,N,D,N
snake|Bothrops_atrox_A1,F,G,I,Q,A,A,T,-,G,E,E,P,N,N,D,N
snake|Crotalus_tigris_A1,F,G,I,Q,A,A,T,-,G,E,E,P,N,N,D,N
snake|Dendrophidion_bivittatus_A1,F,G,I,Q,A,A,T,-,G,E,E,P,N,N,D,N
snake|Diadophis_punctatus_A1,F,G,I,Q,A,A,T,-,G,E,E,P,N,N,D,N
snake|Dipsas_catesbyi_A1,Y,A,I,Q,A,A,T,-,G,E,E,P,N,N,D,H
snake|Helicops_angulatus_A1,Y,G,I,H,I,A,T,-,G,E,E,P,N,N,D,H
snake|Helicops_pastazae_A1,Y,G,I,H,I,A,T,-,G,E,D,P,N,N,D,H
snake|Heterodon_nasicus_A1,F,G,I,Q,S,A,T,-,G,E,E,P,N,N,D,N
snake|Leptodeira_annulata_A1,F,A,I,Q,A,A,T,-,G,E,E,A,N,N,D,H
snake|Leptodeira_septentrionalis_A1,F,A,I,Q,A,A,T,-,G,E,E,A,N,N,D,H
snake|Notechis_scutatus_A1,F,G,I,Q,A,A,T,-,G,E,E,P,N,N,D,N
snake|Oxyrhopus_petolarius_A1,Y,G,I,H,I,A,T,-,G,E,E,P,N,N,D,N
snake|Pantherophis_guttatus_A1,F,G,I,Q,A,A,T,-,G,E,E,P,N,N,D,N
snake|Protobothrops_mucrosquamatus_A1,F,G,I,Q,A,A,T,-,G,E,E,P,N,N,D,N
snake|Pseudonaja_textillis_A1,F,G,I,Q,A,A,T,-,G,E,E,P,N,N,D,N
snake|Python_bivittatus_A1,F,G,I,Q,A,A,T,-,G,E,E,P,N,N,D,N
snake|Rhabdophis_subminiatus_A1,F,G,I,E,S,A,T,-,G,E,K,P,N,N,D,N
snake|Thamnohpis_sauritus_A1,F,A,I,Q,A,A,T,-,G,D,E,P,N,Y,D,N
snake|Thamnophis_elegans_A1,F,A,I,Q,A,A,T,-,G,D,E,P,N,Y,D,N
snake|Thamnophis_sirtalis_A1,F,A,I,Q,A,A,T,-,G,D,E,P,N,Y,D,N
snake|Xenodon_rhabdocephalus_A1,Y,G,I,H,I,A,T,-,G,E,E,P,N,N,D,H
turtle|Chelonia_mydas_A1,Y,G,I,Q,A,V,M,-,E,E,E,P,N,N,D,N
turtle|Chrysemys_picta_bellii_A1,Y,G,I,Q,A,A,M,-,E,E,E,P,N,N,D,N
turtle|Dermochelys_coriacea_A1,Y,G,I,Q,A,A,M,-,E,E,E,P,N,N,D,N
turtle|Gopherus_evgoodi_A1,Y,G,I,Q,A,V,M,-,D,E,E,P,N,N,D,N
turtle|Mauremys_reevesii_A1,Y,G,I,Q,A,A,M,-,G,E,E,T,N,N,D,N
turtle|Pelodiscus_sinensis_A1,Y,G,I,Q,S,A,M,-,E,E,E,P,N,N,D,N
turtle|Terrapene_carolina_triunguis_A1,Y,G,I,Q,A,A,M,-,E,E,E,A,N,N,D,N
turtle|Terrapene_mexicana_A1,Y,G,I,R,A,A,M,-,E,E,E,A,N,N,D,N
turtle|Trachemys_scripta_elegans_A1,Y,G,I,Q,A,A,M,-,E,E,E,P,N,N,D,N